rank,endpoint,endpoint_image,training_split,training_image,dims,mean_abs,p99_abs,max_abs,frac_gt8,content_std,qtables_identical,endpoint_kb,training_kb
1,cham,animal-76.jpg,tgt,COD10K-CAM-3-Flying-65-Owl-4516.jpg,829x466,0.603,4.0,13,3e-05,34.5,0,86,119
2,cham,animal-50.jpg,tgt,COD10K-CAM-3-Flying-59-Grasshopper-3616.jpg,1024x683,0.645,3.0,13,4e-05,40.7,0,273,222
3,cham,animal-34.jpg,tgt,COD10K-CAM-3-Flying-61-Katydid-3936.jpg,700x436,0.653,6.0,33,0.00451,58.8,0,49,82
4,cham,animal-14.jpg,tgt,COD10K-CAM-3-Flying-65-Owl-4509.jpg,1440x900,0.692,4.0,17,8e-05,58.7,0,398,762
5,cham,animal-42.jpg,tgt,COD10K-CAM-2-Terrestrial-31-Gecko-1887.jpg,880x587,0.781,5.0,24,0.00111,53.1,0,96,143
6,cham,animal-30.jpg,tgt,COD10K-CAM-4-Amphibian-68-Toad-4807.jpg,600x330,0.835,6.0,25,0.0032,45.9,0,51,75
7,cham,animal-45.jpg,tgt,COD10K-CAM-3-Flying-59-Grasshopper-3614.jpg,605x349,0.844,7.0,27,0.00438,40.2,0,36,61
8,cham,animal-71.jpg,tgt,COD10K-CAM-3-Flying-55-Butterfly-3291.jpg,1024x793,0.85,6.0,18,0.00194,55.0,0,196,379
9,cham,animal-35.jpg,tgt,COD10K-CAM-2-Terrestrial-31-Gecko-1884.jpg,470x688,0.905,7.0,28,0.006,57.2,0,94,132
10,cham,animal-33.jpg,tgt,COD10K-CAM-2-Terrestrial-31-Gecko-1883.jpg,426x650,0.952,4.0,13,0.00022,37.9,0,106,162
11,cham,animal-15.jpg,tgt,COD10K-CAM-2-Terrestrial-48-Wolf-2913.jpg,2048x1225,0.989,8.0,39,0.00812,48.3,0,326,662
12,cham,animal-4.jpg,tgt,COD10K-CAM-3-Flying-61-Katydid-3937.jpg,1200x945,1.052,7.0,45,0.00559,57.7,0,171,322
13,cham,animal-13.jpg,tgt,COD10K-CAM-2-Terrestrial-31-Gecko-1879.jpg,2304x3456,1.165,5.0,22,0.00023,55.3,0,3621,2274
14,cham,animal-39.jpg,tgt,COD10K-CAM-1-Aquatic-3-Crab-19.jpg,940x590,1.19,6.0,23,0.00142,38.9,0,432,248
15,cham,animal-65.jpg,tgt,COD10K-CAM-2-Terrestrial-47-Tiger-2875.jpg,1600x1120,1.257,7.0,21,0.00275,45.2,0,459,651
16,cham,animal-9.jpg,tgt,COD10K-CAM-2-Terrestrial-31-Gecko-1891.jpg,1200x943,1.266,7.0,28,0.00464,60.2,0,266,495
17,cham,animal-17.jpg,tgt,COD10K-CAM-4-Amphibian-68-Toad-4806.jpg,1200x947,1.389,11.0,64,0.02033,59.7,0,211,393
18,cham,animal-12.jpg,tgt,COD10K-CAM-4-Amphibian-68-Toad-4805.jpg,1024x768,1.461,5.0,14,0.00018,45.6,0,520,384
19,cham,animal-11.jpg,tgt,COD10K-CAM-3-Flying-65-Owl-4508.jpg,2288x1712,1.461,7.0,64,0.00583,52.3,0,872,1492
20,cham,animal-24.jpg,tgt,COD10K-CAM-2-Terrestrial-45-Spider-2493.jpg,550x366,1.463,8.0,38,0.00764,56.7,0,64,94
21,cham,animal-55.jpg,tgt,COD10K-CAM-4-Amphibian-67-Frog-4680.jpg,880x660,1.514,7.0,33,0.00561,51.9,0,213,315
22,cham,animal-56.jpg,tgt,COD10K-CAM-3-Flying-58-Frogmouth-3594.jpg,1800x1389,1.542,8.0,33,0.00908,48.8,0,595,940
23,cham,animal-21.jpg,tgt,COD10K-CAM-2-Terrestrial-26-Chameleon-1664.jpg,2560x1920,1.706,8.0,37,0.00987,51.8,0,2378,1940
24,cham,animal-44.jpg,tgt,COD10K-CAM-3-Flying-64-Moth-4428.jpg,755x319,1.733,6.0,18,0.00085,53.9,0,285,170
25,cham,animal-26.jpg,tgt,COD10K-CAM-2-Terrestrial-45-Spider-2495.jpg,780x520,1.798,12.0,39,0.02502,63.5,0,160,303
26,cham,animal-6.jpg,tgt,COD10K-CAM-3-Flying-65-Owl-4512.jpg,880x908,1.923,10.0,59,0.01548,49.3,0,300,447
27,cham,animal-37.jpg,tgt,COD10K-CAM-2-Terrestrial-31-Gecko-1885.jpg,962x622,2.01,11.0,30,0.02638,60.4,0,202,281
28,cham,animal-63.jpg,tgt,COD10K-CAM-2-Terrestrial-45-Spider-2496.jpg,595x454,2.011,10.0,42,0.01971,46.6,0,153,164
29,cham,animal-70.jpg,tgt,COD10K-CAM-2-Terrestrial-45-Spider-2497.jpg,640x480,2.067,10.0,34,0.01697,40.5,0,125,196
30,cham,animal-48.jpg,tgt,COD10K-CAM-3-Flying-64-Moth-4429.jpg,1300x849,2.079,8.0,25,0.00619,57.3,0,1271,692
31,cham,animal-67.jpg,tgt,COD10K-CAM-4-Amphibian-67-Frog-4681.jpg,1200x831,2.107,8.0,37,0.00959,65.9,0,672,548
32,cham,animal-29.jpg,tgt,COD10K-CAM-4-Amphibian-68-Toad-4866.jpg,620x413,2.203,14.0,64,0.04741,67.7,0,76,129
33,cham,animal-60.jpg,tgt,COD10K-CAM-3-Flying-65-Owl-4513.jpg,880x707,2.225,11.0,52,0.0266,76.5,0,322,467
34,cham,animal-52.jpg,tgt,COD10K-CAM-3-Flying-59-Grasshopper-3617.jpg,580x773,2.296,8.0,21,0.00877,47.2,0,579,315
35,cham,animal-1.jpg,tgt,COD10K-CAM-2-Terrestrial-37-Lion-2116.jpg,1024x768,2.306,9.0,27,0.01665,34.8,0,563,412
36,cham,animal-23.jpg,tgt,COD10K-CAM-2-Terrestrial-26-Chameleon-1665.jpg,1024x768,2.672,18.0,67,0.0526,58.6,0,622,468
37,cham,animal-40.jpg,tgt,COD10K-CAM-2-Terrestrial-31-Gecko-1886.jpg,500x728,2.755,16.0,70,0.05073,54.8,0,215,265
38,cham,animal-57.jpg,tgt,camourflage_00836.jpg,880x660,3.062,11.0,25,0.03388,52.6,0,277,243
39,cham,animal-19.jpg,tgt,COD10K-CAM-3-Flying-53-Bird-3014.jpg,497x300,3.75,19.0,70,0.09579,69.1,0,413,132
40,cham,animal-8.jpg,tgt,COD10K-CAM-2-Terrestrial-32-Giraffe-1930.jpg,1200x792,4.49,23.0,87,0.15737,62.1,0,671,710
41,cham,animal-31.jpg,tgt,COD10K-CAM-1-Aquatic-20-Turtle-1208.jpg,640x480,5.512,35.0,98,0.19347,69.2,0,369,247
