split,level,hash,n_in_group,names
tgt,fhash,1c26e70ec662b0340b93fe51498295d7,2,COD10K-CAM-2-Terrestrial-47-Tiger-2875.jpg|COD10K-CAM-2-Terrestrial-47-Tiger-2880.jpg
tgt,fhash,9d2ee3ee2d7ad3d0161e17ac5c36c48e,2,COD10K-CAM-3-Flying-57-Dragonfly-3568.jpg|COD10K-CAM-3-Flying-57-Dragonfly-3572.jpg
tgt,phash,4ff14be398989b6e5382474709c30acc,2,COD10K-CAM-3-Flying-57-Dragonfly-3568.jpg|COD10K-CAM-3-Flying-57-Dragonfly-3572.jpg
tgt,phash,7e9d87c1ee0174a0b30a235131ed7cd2,2,COD10K-CAM-2-Terrestrial-47-Tiger-2875.jpg|COD10K-CAM-2-Terrestrial-47-Tiger-2880.jpg
raw,fhash,1537dce838fe73dc34f5e948bf770d65,2,1555.png|1556.png
raw,fhash,487f6d4c71b642d011a895deb23cfbea,2,4250.png|4251.png
raw,fhash,85a18a45d850fd104a9c05314c457f80,2,1566.png|1567.png
raw,fhash,e8064255f262a1bebbc7e7b51cde6e31,2,1591.png|1592.png
raw,phash,0a635b7be2b540c8117d5010f8cdebb4,2,1555.png|1556.png
raw,phash,0bc12b416a88868d88f52a693dee6aef,2,5246.png|6333.png
raw,phash,1407e6a8b3a837182d79103f66168d5b,2,5005.png|5378.png
raw,phash,152929db15aeea0e9669fa77f1264661,2,4492.png|7036.png
raw,phash,152ada6e00d02f4ce295f42bac3f9dda,2,5136.png|5865.png
raw,phash,17cb914bbc25724c17cc0e85a5c777a4,2,5218.png|6151.png
raw,phash,1a0111f27c1fb6de12544355175743af,2,1994.png|4133.png
raw,phash,1b2cdcbb48d050e2b17899ec7f53e3bf,2,5192.png|6063.png
raw,phash,1cdbe26e11ec5a60240d221a7ef2f0ea,2,1891.png|4034.png
raw,phash,1fad43d185e56db278079922edd9eef6,2,1992.png|4131.png
raw,phash,252700ca4cd24328394019920fe08655,2,2049.png|4192.png
raw,phash,2676faad57242908fcb9c143ab61b06c,2,1897.png|4035.png
raw,phash,2ae6f92f634292ec1aa726b170066571,2,5212.png|6132.png
raw,phash,2ba678c7860c8f8f74dbe525d286253b,2,1995.png|4134.png
raw,phash,35cba19a78747b76e299c95241a19bf1,2,5008.png|9052.png
raw,phash,37db10e4b96c6cb9504e4c4e2526b778,2,1814.png|3985.png
raw,phash,39292eb8442add47d7d574c40e5d139a,2,5109.png|5723.png
raw,phash,39b22db1993e57190921d3d7d68db2bd,2,2009.png|4146.png
raw,phash,3db50f0f55a8951df9124e333d2a33e8,2,1805.png|3973.png
raw,phash,3eb6a9b0a65337262d71091659dbbd6e,2,3314.png|3322.png
raw,phash,406775be0357f81e367ea0dfa6063d9c,2,1876.png|4024.png
raw,phash,43bbbae08f9eb969a7e2236ef7b0d5fa,2,1566.png|1567.png
raw,phash,4512a18dbb6f6c0c3d8262a6676347c8,2,0426.png|1309.png
raw,phash,485a3d10c0f23014e4f4c59243fb7224,2,5253.png|6370.png
raw,phash,4939ff4c9bd9810fb9786e3e7c8caf55,2,5167.png|5990.png
raw,phash,4ba9215a66f0b01e2fc5458f4cf9436e,2,2010.png|4147.png
raw,phash,4ef4f47cc132adce51bac6fc9af3d733,2,5132.png|5846.png
raw,phash,50f4b0a44f24c1cbb034d098b35a2a47,2,5332.png|6672.png
raw,phash,50fe8026b484b7f13c6be0158c48cfa7,2,1704.png|1765.png
raw,phash,53ad4270dbee7047d6257cc8330341f9,2,5187.png|6049.png
raw,phash,5b909e85a19243db065dad9da8bcaec8,2,2013.png|4150.png
raw,phash,5dc9618d12188fdca71c2f39b48e94b3,2,1888.png|4032.png
raw,phash,6235877707b830260e5da8b822868c83,2,0107.png|0208.png
raw,phash,6b4ae7906637e45e6f0ec9d974aa6c2c,2,5107.png|5716.png
raw,phash,72182c7c2bc8db53579b9a8c39e0f1b1,2,5157.png|5960.png
raw,phash,73c098fece56fbb76282f2a2a7882297,2,1996.png|4135.png
raw,phash,755c38c39539c564089da191afb1eae1,2,1963.png|4117.png
raw,phash,766bc3acaaf3ebbbeaadae8288a9a3a4,2,5294.png|6565.png
raw,phash,7fe4e234db32785801c37db9533f8357,2,5556.png|9054.png
raw,phash,80bc5434f173cdfbc340e181c030a66c,2,4250.png|4251.png
raw,phash,827ba75d4697ed6482a9c62a1d3e1f6c,2,6377.png|7023.png
raw,phash,839bb89e7693bd0534e08796212971da,2,5232.png|6268.png
raw,phash,8528c2e0dfdc0119e65856844cf4887a,2,5296.png|6567.png
raw,phash,8595a877016cc91204f8f2f30b7b4091,2,5268.png|6443.png
raw,phash,8723ac02b2ffa79a622dcd1ef27db53f,2,1845.png|4011.png
raw,phash,89165a5182f4940b2639c2dde28f62df,2,5281.png|6510.png
raw,phash,8a5cea9d6d21985a74553acb044f273a,2,2028.png|4172.png
raw,phash,8d3b2ec5e7cea7605fb8b89e6a304500,2,2000.png|4138.png
raw,phash,9051cd3cce38ecf32db37e594e504ea5,2,1840.png|4008.png
raw,phash,90e935588e59f7173bdba286117c3e14,2,1885.png|4030.png
raw,phash,946f6794b16b2bf275084ad0e0ad909b,2,2011.png|4148.png
raw,phash,98052a3b2bbe4cbd13fc2b8eaf557b3d,2,1813.png|3984.png
raw,phash,9c13acd0d6f297087c5528c777748338,2,5214.png|6135.png
raw,phash,a0c21e51adfe101e5dec44e4008d7d8c,2,5251.png|6360.png
raw,phash,a18ac2dcec3c86576ab034b4ed4ff8c9,2,2047.png|4189.png
raw,phash,a4325f98f11289b24cd365914129e32f,2,3964.png|4261.png
raw,phash,a4bf2dc34e6005beb2a8de2207e5d20c,2,2098.png|4258.png
raw,phash,aafbe692a117246809574cade49deaa3,2,5018.png|5442.png
raw,phash,addfe40355b730d2fb41c7c6f7bc5c74,2,2007.png|4145.png
raw,phash,ae1de0e60508213b04f188bac58b114b,2,1900.png|4038.png
raw,phash,ae5d59970ce330b097c50519323a370d,2,2090.png|4247.png
raw,phash,af9c6927d08ed9543057c3068290ffde,2,5156.png|5955.png
raw,phash,b018046918d5faab7c90748c47a3c332,2,5103.png|5702.png
raw,phash,b2812e915b74517ee94b5edc5d9cc77e,2,2058.png|4205.png
raw,phash,b489c11a9ec6eb3a8a62c98d69f18f06,2,5164.png|5975.png
raw,phash,c090086ea978428aad205053201e7bfc,2,5260.png|6413.png
raw,phash,c12fbd0b2d64c3816783ff13b046809d,2,1844.png|4010.png
raw,phash,c2a341a71ae09d4df81c55691113490d,2,1803.png|2461.png
raw,phash,c32b1a4de8230c2b88a9e9774a0a5326,2,0247.png|3910.png
raw,phash,cb7410bb8d01a191af079e195ead09de,2,5250.png|6347.png
raw,phash,d4511a0cde3a2909993517198e96e268,2,1998.png|4137.png
raw,phash,d678ed10f7c9a786946c952f8e0a8d6a,2,5143.png|5900.png
raw,phash,d99d374e153f6db72cff27a02a443ed3,3,5024.png|5486.png|9053.png
raw,phash,d9ed0a1389d7df44a4c33f7cffb85300,2,5303.png|6600.png
raw,phash,dae0eb2f7a69df7ab890111bedb3a000,2,5255.png|6384.png
raw,phash,dc04108c9bbbe66c8951a077d1133e91,2,5324.png|6661.png
raw,phash,dde9391b5efe676fde34683702b0f662,2,5009.png|5389.png
raw,phash,de3860843b0548732c3aa3569354c263,2,5125.png|5807.png
raw,phash,dff46e310e3f1cde9fe6d919ca4b77da,2,2001.png|4139.png
raw,phash,e2e5519e3e40ff7082c41ee0b2281479,2,5315.png|6633.png
raw,phash,e4000673f4eaf571b97cc7d4b743206a,2,2027.png|4169.png
raw,phash,e58ab2b2a2544664f7df720574b1e798,2,1591.png|1592.png
raw,phash,ea983c1e7b6ca41a4bda6611d013f812,2,5189.png|6051.png
raw,phash,f03f2a5a207307d91bf7dc6c40edb216,2,2012.png|4149.png
raw,phash,f08badf617f3413fc4155fc408d2e24f,2,5148.png|5938.png
raw,phash,f4a41edf1bda463f77889484578b09b4,2,5088.png|5664.png
raw,phash,f697080eb108c48870a37771f59a45cb,2,5314.png|6630.png
raw,phash,f96c893f72347db98a71bd2bf4461149,2,0535.png|1436.png
raw,phash,facd2b6560a53dacf6e231fab9627623,2,2004.png|4142.png
local,fhash,29cb8a0f55ab0974071af8dd7fc821ee,2,SOD_1555.jpg|SOD_1556.jpg
local,fhash,e1d3d8714c4c88f0701b9461a15f378e,2,SOD_1591.jpg|SOD_1592.jpg
local,phash,483139e1a2d7ef78576dcb0c0edc29ae,2,SOD_1555.jpg|SOD_1556.jpg
local,phash,b0fe2390cf948cb33a3ae2908a3a9514,2,SOD_1591.jpg|SOD_1592.jpg
