fit_on,embedder,primary,split,k,error,run,clusters,min_imgs,rho,p,perm_p
tgt,L518,1,test,15,MAE,repro,15,23,0.8785714285714284,1.631528028654429e-05,nan
tgt,L518,1,test,15,1-Sa,repro,15,23,0.6321428571428571,0.0114575415400789,nan
tgt,L518,1,test,15,1-IoU_soft,repro,15,23,0.5107142857142856,0.051725498368269354,nan
tgt,L518,1,test,15,1-IoU_hard,repro,15,23,0.5214285714285714,0.04621923447857304,nan
tgt,L518,1,test,20,MAE,repro,20,20,0.78796992481203,3.699406473493859e-05,nan
tgt,L518,1,test,20,1-Sa,repro,20,20,0.4090225563909774,0.07334086574364806,nan
tgt,L518,1,test,20,1-IoU_soft,repro,20,20,0.2646616541353383,0.25946936992853764,nan
tgt,L518,1,test,20,1-IoU_hard,repro,20,20,0.2706766917293233,0.2483905691366973,nan
tgt,L518,1,test,50,MAE,repro,45,8,0.826086956521739,2.825673630956662e-12,nan
tgt,L518,1,test,50,1-Sa,repro,45,8,0.441897233201581,0.0023732476167427326,nan
tgt,L518,1,test,50,1-IoU_soft,repro,45,8,0.24743083003952565,0.1012753969766006,nan
tgt,L518,1,test,50,1-IoU_hard,repro,45,8,0.29486166007905135,0.049264963658904384,nan
tgt,L518,1,test,100,MAE,repro,72,8,0.8402469612193713,2.769101964060239e-20,nan
tgt,L518,1,test,100,1-Sa,repro,72,8,0.3448131712650332,0.0030152991119253166,nan
tgt,L518,1,test,100,1-IoU_soft,repro,72,8,0.15300019293845266,0.19945773893654645,nan
tgt,L518,1,test,100,1-IoU_hard,repro,72,8,0.21117113640748605,0.07497363603547279,nan
tgt,L518,1,val,15,MAE,repro,5,8,0.6,0.28475697986529386,0.3509298140371926
tgt,L518,1,val,15,1-Sa,repro,5,8,0.0,1.0,1.0
tgt,L518,1,val,15,1-IoU_soft,repro,5,8,-0.09999999999999999,0.8728885715695384,0.9478104379124175
tgt,L518,1,val,15,1-IoU_hard,repro,5,8,-0.09999999999999999,0.8728885715695384,0.9478104379124175
tgt,L518,1,val,20,MAE,repro,8,8,0.9761904761904763,3.314396026200098e-05,0.0007998400319936012
tgt,L518,1,val,20,1-Sa,repro,8,8,0.7380952380952381,0.03655276105286081,0.052589482103579284
tgt,L518,1,val,20,1-IoU_soft,repro,8,8,0.5952380952380953,0.11952980613879269,0.13737252549490103
tgt,L518,1,val,20,1-IoU_hard,repro,8,8,0.5952380952380953,0.11952980613879269,0.13737252549490103
tgt,L518,1,val,50,MAE,repro,5,9,0.8999999999999998,0.03738607346849874,0.08878224355128975
tgt,L518,1,val,50,1-Sa,repro,5,9,0.8999999999999998,0.03738607346849874,0.08878224355128975
tgt,L518,1,val,50,1-IoU_soft,repro,5,9,0.8999999999999998,0.03738607346849874,0.08878224355128975
tgt,L518,1,val,50,1-IoU_hard,repro,5,9,0.8999999999999998,0.03738607346849874,0.08878224355128975
tgt,L518,1,val,100,MAE,repro,3,19,0.5,0.6666666666666666,1.0
tgt,L518,1,val,100,1-Sa,repro,3,19,0.5,0.6666666666666666,1.0
tgt,L518,1,val,100,1-IoU_soft,repro,3,19,0.5,0.6666666666666666,1.0
tgt,L518,1,val,100,1-IoU_hard,repro,3,19,0.5,0.6666666666666666,1.0
split,L518,0,test,15,MAE,repro,15,39,0.8928571428571428,7.494736064568255e-06,nan
split,L518,0,test,15,1-Sa,repro,15,39,0.5964285714285712,0.01893192468786518,nan
split,L518,0,test,15,1-IoU_soft,repro,15,39,0.48571428571428565,0.06642631232518953,nan
split,L518,0,test,15,1-IoU_hard,repro,15,39,0.5142857142857142,0.0498392334714206,nan
split,L518,0,test,20,MAE,repro,20,23,0.9488721804511278,1.8821698161170128e-10,nan
split,L518,0,test,20,1-Sa,repro,20,23,0.6240601503759398,0.0032741072368306203,nan
split,L518,0,test,20,1-IoU_soft,repro,20,23,0.4195488721804511,0.06554828518218499,nan
split,L518,0,test,20,1-IoU_hard,repro,20,23,0.4827067669172932,0.03110521686954333,nan
split,L518,0,test,50,MAE,repro,50,10,0.8410564225690276,2.099663602094493e-14,nan
split,L518,0,test,50,1-Sa,repro,50,10,0.5156782713085234,0.0001267791339578105,nan
split,L518,0,test,50,1-IoU_soft,repro,50,10,0.32158463385354136,0.022768572640645177,nan
split,L518,0,test,50,1-IoU_hard,repro,50,10,0.40984393757502996,0.0031188020288192182,nan
split,L518,0,test,100,MAE,repro,90,8,0.8456764209573198,1.0028237412667539e-25,nan
split,L518,0,test,100,1-Sa,repro,90,8,0.49845659958019506,5.743791950090915e-07,nan
split,L518,0,test,100,1-IoU_soft,repro,90,8,0.3489731242540231,0.0007489351220572371,nan
split,L518,0,test,100,1-IoU_hard,repro,90,8,0.41479194962341026,4.8083183508016834e-05,nan
split,L518,0,val,15,MAE,repro,10,8,0.8303030303030302,0.002940227023279509,0.007198560287942412
split,L518,0,val,15,1-Sa,repro,10,8,0.6,0.06668799999999998,0.07098580283943211
split,L518,0,val,15,1-IoU_soft,repro,10,8,0.2606060606060606,0.46708905438634024,0.46350729854029193
split,L518,0,val,15,1-IoU_hard,repro,10,8,0.2606060606060606,0.46708905438634024,0.46350729854029193
split,L518,0,val,20,MAE,repro,11,8,0.8454545454545455,0.0010451821458586875,0.001799640071985603
split,L518,0,val,20,1-Sa,repro,11,8,0.7272727272727273,0.011204967253592074,0.017196560687862426
split,L518,0,val,20,1-IoU_soft,repro,11,8,0.6636363636363638,0.0259841339187655,0.033593281343731254
split,L518,0,val,20,1-IoU_hard,repro,11,8,0.6727272727272727,0.023313039833185983,0.03199360127974405
split,L518,0,val,50,MAE,repro,10,8,0.7818181818181817,0.0075470077810678785,0.010997800439912017
split,L518,0,val,50,1-Sa,repro,10,8,0.6363636363636362,0.04791172612997544,0.05578884223155369
split,L518,0,val,50,1-IoU_soft,repro,10,8,0.43030303030303024,0.21449233253280775,0.21755648870225955
split,L518,0,val,50,1-IoU_hard,repro,10,8,0.4666666666666666,0.17393859716506654,0.17616476704659068
split,L518,0,val,100,MAE,repro,2,8,nan,nan,nan
split,L518,0,val,100,1-Sa,repro,2,8,nan,nan,nan
split,L518,0,val,100,1-IoU_soft,repro,2,8,nan,nan,nan
split,L518,0,val,100,1-IoU_hard,repro,2,8,nan,nan,nan
tgt,L224,0,test,15,MAE,repro,15,52,0.8785714285714284,1.631528028654429e-05,nan
tgt,L224,0,test,15,1-Sa,repro,15,52,0.6392857142857141,0.010288446619594209,nan
tgt,L224,0,test,15,1-IoU_soft,repro,15,52,0.5607142857142856,0.02967649609447474,nan
tgt,L224,0,test,15,1-IoU_hard,repro,15,52,0.5821428571428571,0.02279368712641428,nan
tgt,L224,0,test,20,MAE,repro,20,24,0.8812030075187969,2.8860848761547273e-07,nan
tgt,L224,0,test,20,1-Sa,repro,20,24,0.6090225563909774,0.004370507553662533,nan
tgt,L224,0,test,20,1-IoU_soft,repro,20,24,0.4240601503759398,0.06240648623134542,nan
tgt,L224,0,test,20,1-IoU_hard,repro,20,24,0.5052631578947367,0.023059229474174218,nan
tgt,L224,0,test,50,MAE,repro,49,8,0.8643877551020408,1.2318199789421637e-15,nan
tgt,L224,0,test,50,1-Sa,repro,49,8,0.4779591836734693,0.000514284372441169,nan
tgt,L224,0,test,50,1-IoU_soft,repro,49,8,0.27122448979591834,0.05942127874468162,nan
tgt,L224,0,test,50,1-IoU_hard,repro,49,8,0.353469387755102,0.012723501994959488,nan
tgt,L224,0,test,100,MAE,repro,69,8,0.829192546583851,1.3819104574653915e-18,nan
tgt,L224,0,test,100,1-Sa,repro,69,8,0.34877603215199127,0.0033134961433907407,nan
tgt,L224,0,test,100,1-IoU_soft,repro,69,8,0.15736207526488857,0.19658931995607923,nan
tgt,L224,0,test,100,1-IoU_hard,repro,69,8,0.21468761417610524,0.0764828086943613,nan
tgt,L224,0,val,15,MAE,repro,8,8,0.9047619047619048,0.002008275505429469,0.003199360127974405
tgt,L224,0,val,15,1-Sa,repro,8,8,0.8333333333333335,0.010175540123456752,0.014397120575884824
tgt,L224,0,val,15,1-IoU_soft,repro,8,8,0.8571428571428572,0.0065300172547152905,0.009398120375924815
tgt,L224,0,val,15,1-IoU_hard,repro,8,8,0.8571428571428572,0.0065300172547152905,0.009398120375924815
tgt,L224,0,val,20,MAE,repro,7,8,0.9285714285714288,0.0025194724037946887,0.007398520295940812
tgt,L224,0,val,20,1-Sa,repro,7,8,0.9285714285714288,0.0025194724037946887,0.007598480303939212
tgt,L224,0,val,20,1-IoU_soft,repro,7,8,0.8571428571428573,0.013697326615325618,0.02399520095980804
tgt,L224,0,val,20,1-IoU_hard,repro,7,8,0.8571428571428573,0.013697326615325618,0.02399520095980804
tgt,L224,0,val,50,MAE,repro,7,8,0.9642857142857145,0.00045414916919416935,0.0033993201359728054
tgt,L224,0,val,50,1-Sa,repro,7,8,0.9285714285714288,0.0025194724037946887,0.007798440311937612
tgt,L224,0,val,50,1-IoU_soft,repro,7,8,0.9285714285714288,0.0025194724037946887,0.007798440311937612
tgt,L224,0,val,50,1-IoU_hard,repro,7,8,0.9285714285714288,0.0025194724037946887,0.007798440311937612
tgt,L224,0,val,100,MAE,repro,4,9,1.0,0.0,0.07878424315136973
tgt,L224,0,val,100,1-Sa,repro,4,9,0.7999999999999999,0.2000000000000001,0.33213357328534293
tgt,L224,0,val,100,1-IoU_soft,repro,4,9,0.39999999999999997,0.6,0.7416516696660668
tgt,L224,0,val,100,1-IoU_hard,repro,4,9,0.39999999999999997,0.6,0.7416516696660668
split,L224,0,test,15,MAE,repro,15,24,0.8357142857142855,0.00010444687327713341,nan
split,L224,0,test,15,1-Sa,repro,15,24,0.33928571428571425,0.2160289253419548,nan
split,L224,0,test,15,1-IoU_soft,repro,15,24,0.23928571428571427,0.3903793119202356,nan
split,L224,0,test,15,1-IoU_hard,repro,15,24,0.27499999999999997,0.32121117331937665,nan
split,L224,0,test,20,MAE,repro,20,40,0.8706766917293233,5.953878226538431e-07,nan
split,L224,0,test,20,1-Sa,repro,20,40,0.437593984962406,0.05366144000429179,nan
split,L224,0,test,20,1-IoU_soft,repro,20,40,0.34736842105263155,0.13344922901624712,nan
split,L224,0,test,20,1-IoU_hard,repro,20,40,0.38796992481203,0.09097286579754235,nan
split,L224,0,test,50,MAE,repro,49,10,0.8777551020408162,1.2532630604533115e-16,nan
split,L224,0,test,50,1-Sa,repro,49,10,0.49938775510204075,0.00025932108682990396,nan
split,L224,0,test,50,1-IoU_soft,repro,49,10,0.32693877551020406,0.021853655471474005,nan
split,L224,0,test,50,1-IoU_hard,repro,49,10,0.3796938775510204,0.007127425828380835,nan
split,L224,0,test,100,MAE,repro,89,8,0.862019067075247,2.0901783048588613e-27,nan
split,L224,0,test,100,1-Sa,repro,89,8,0.3656622403813416,0.0004254936004486443,nan
split,L224,0,test,100,1-IoU_soft,repro,89,8,0.1927306775621383,0.07037030290289506,nan
split,L224,0,test,100,1-IoU_hard,repro,89,8,0.2404324140279197,0.023233564662339435,nan
split,L224,0,val,15,MAE,repro,11,8,0.9454545454545454,1.1183037701493194e-05,0.0001999600079984003
split,L224,0,val,15,1-Sa,repro,11,8,0.7818181818181819,0.004473162252783043,0.0061987602479504095
split,L224,0,val,15,1-IoU_soft,repro,11,8,0.7272727272727273,0.011204967253592074,0.014597080583883223
split,L224,0,val,15,1-IoU_hard,repro,11,8,0.7272727272727273,0.011204967253592074,0.014597080583883223
split,L224,0,val,20,MAE,repro,11,8,0.9363636363636365,2.2082076449177507e-05,0.0001999600079984003
split,L224,0,val,20,1-Sa,repro,11,8,0.7545454545454545,0.007282041008429154,0.010397920415916816
split,L224,0,val,20,1-IoU_soft,repro,11,8,0.6454545454545455,0.03196279932801746,0.03779244151169766
split,L224,0,val,20,1-IoU_hard,repro,11,8,0.6818181818181819,0.020842853610945084,0.025994801039792043
split,L224,0,val,50,MAE,repro,8,8,0.9761904761904763,3.314396026200098e-05,0.0005998800239952009
split,L224,0,val,50,1-Sa,repro,8,8,0.8333333333333335,0.010175540123456752,0.014797040591881624
split,L224,0,val,50,1-IoU_soft,repro,8,8,0.4761904761904762,0.23293553465009798,0.244751049790042
split,L224,0,val,50,1-IoU_hard,repro,8,8,0.5714285714285715,0.13895995716070672,0.14637072585482905
split,L224,0,val,100,MAE,repro,3,8,1.0,0.0,0.33193361327734455
split,L224,0,val,100,1-Sa,repro,3,8,0.5,0.6666666666666666,1.0
split,L224,0,val,100,1-IoU_soft,repro,3,8,0.5,0.6666666666666666,1.0
split,L224,0,val,100,1-IoU_hard,repro,3,8,0.5,0.6666666666666666,1.0
