runid,arch,arm,seed,endpoint,n,shape_mismatch,infer,Sm,wFm,MAE,adpEm,meanEm,maxEm,adpFm,meanFm,maxFm
SINet_B_s42,SINet,B,42,COD10K,2026,0,done,0.711554,0.471675,0.076085,0.750617,0.740832,0.789028,0.533931,0.542620,0.579406
SINet_B_s43,SINet,B,43,COD10K,2026,0,done,0.713632,0.478008,0.076278,0.749502,0.745119,0.786634,0.536201,0.550851,0.583928
SINet_B_s45,SINet,B,45,COD10K,2026,0,done,0.715155,0.463606,0.075917,0.752423,0.740073,0.794794,0.541840,0.550878,0.592340
SINet_C10_s42,SINet,C10,42,COD10K,2026,0,done,0.717165,0.489664,0.073184,0.759609,0.751058,0.792598,0.546726,0.559297,0.592030
SINet_C10_s43,SINet,C10,43,COD10K,2026,0,done,0.723034,0.497380,0.075136,0.761521,0.757392,0.798605,0.551557,0.568329,0.600879
SINet_C10_s45,SINet,C10,45,COD10K,2026,0,done,0.715243,0.475278,0.078355,0.752674,0.743969,0.787083,0.543608,0.554319,0.589172
SINet_CINV_s42,SINet,CINV,42,COD10K,2026,0,done,0.722612,0.487237,0.073910,0.753551,0.756737,0.796301,0.541875,0.564231,0.597552
SINet_CINV_s43,SINet,CINV,43,COD10K,2026,0,done,0.717343,0.476461,0.077323,0.745751,0.750188,0.791954,0.531025,0.551414,0.585551
SINet_CINV_s45,SINet,CINV,45,COD10K,2026,0,done,0.718084,0.486938,0.073607,0.760605,0.748577,0.793940,0.549300,0.558849,0.595022
SINet_CSHUF_s42,SINet,CSHUF,42,COD10K,2026,0,done,0.718602,0.488405,0.074840,0.756040,0.754978,0.795872,0.543617,0.562178,0.593861
SINet_CSHUF_s43,SINet,CSHUF,43,COD10K,2026,0,done,0.716974,0.482244,0.077678,0.750945,0.747869,0.787015,0.538273,0.555289,0.588684
SINet_CSHUF_s45,SINet,CSHUF,45,COD10K,2026,0,done,0.715291,0.460755,0.079340,0.745467,0.739053,0.789163,0.531057,0.546397,0.586474
SINetv2_B_s42,SINetv2,B,42,COD10K,2026,0,done,0.698340,0.480306,0.092242,0.746399,0.750170,0.771119,0.520559,0.537219,0.558579
SINetv2_B_s43,SINetv2,B,43,COD10K,2026,0,done,0.689481,0.478444,0.089883,0.754123,0.753645,0.765622,0.523358,0.531215,0.544711
SINetv2_B_s45,SINetv2,B,45,COD10K,2026,0,done,0.697385,0.490593,0.087132,0.757126,0.758552,0.770687,0.532890,0.541870,0.555843
SINetv2_C10_s42,SINetv2,C10,42,COD10K,2026,0,done,0.692321,0.477856,0.093395,0.740293,0.751285,0.771908,0.514966,0.529100,0.549984
SINetv2_C10_s43,SINetv2,C10,43,COD10K,2026,0,done,0.696328,0.478677,0.090749,0.743452,0.751750,0.770018,0.517415,0.533992,0.554458
SINetv2_C10_s45,SINetv2,C10,45,COD10K,2026,0,done,0.695360,0.486758,0.089182,0.755022,0.759806,0.773168,0.527322,0.538632,0.553802
SINetv2_CINV_s42,SINetv2,CINV,42,COD10K,2026,0,done,0.697008,0.469542,0.088438,0.736393,0.750055,0.774657,0.510256,0.529027,0.552751
SINetv2_CINV_s43,SINetv2,CINV,43,COD10K,2026,0,done,0.696331,0.486681,0.087293,0.754167,0.758193,0.772670,0.526842,0.539049,0.556589
SINetv2_CINV_s45,SINetv2,CINV,45,COD10K,2026,0,done,0.697605,0.485232,0.090189,0.746353,0.756550,0.778013,0.523058,0.538314,0.557451
SINetv2_CSHUF_s42,SINetv2,CSHUF,42,COD10K,2026,0,done,0.701269,0.485308,0.087506,0.747563,0.760038,0.782774,0.521998,0.539426,0.563027
SINetv2_CSHUF_s43,SINetv2,CSHUF,43,COD10K,2026,0,done,0.694490,0.479123,0.087305,0.749230,0.755060,0.771906,0.521517,0.534573,0.551457
SINetv2_CSHUF_s45,SINetv2,CSHUF,45,COD10K,2026,0,done,0.696218,0.481721,0.089485,0.751271,0.756482,0.773657,0.522672,0.535776,0.554600
SINet_B_s42,SINet,B,42,NC4K,4121,0,done,0.764108,0.595587,0.087897,0.820683,0.785252,0.829958,0.680145,0.665577,0.701572
SINet_B_s43,SINet,B,43,NC4K,4121,0,done,0.768972,0.610683,0.085001,0.823596,0.795682,0.833602,0.687552,0.677918,0.708868
SINet_B_s45,SINet,B,45,NC4K,4121,0,done,0.767632,0.594525,0.088175,0.822234,0.787168,0.833464,0.687048,0.673423,0.710933
SINet_C10_s42,SINet,C10,42,NC4K,4121,0,done,0.765296,0.609419,0.086273,0.822312,0.793044,0.829203,0.684831,0.674991,0.704569
SINet_C10_s43,SINet,C10,43,NC4K,4121,0,done,0.771241,0.617398,0.085305,0.826012,0.798453,0.836072,0.691851,0.684508,0.715558
SINet_C10_s45,SINet,C10,45,NC4K,4121,0,done,0.770503,0.606186,0.086622,0.821971,0.792545,0.831017,0.689078,0.677982,0.710405
SINet_CINV_s42,SINet,CINV,42,NC4K,4121,0,done,0.774697,0.615555,0.083144,0.827395,0.800923,0.838721,0.692850,0.685734,0.716450
SINet_CINV_s43,SINet,CINV,43,NC4K,4121,0,done,0.774114,0.612549,0.084030,0.825126,0.800162,0.837994,0.688146,0.681714,0.713998
SINet_CINV_s45,SINet,CINV,45,NC4K,4121,0,done,0.768136,0.609711,0.084570,0.826873,0.789885,0.833547,0.692635,0.677648,0.713087
SINet_CSHUF_s42,SINet,CSHUF,42,NC4K,4121,0,done,0.766713,0.611015,0.085734,0.824451,0.794289,0.831468,0.688857,0.678785,0.708339
SINet_CSHUF_s43,SINet,CSHUF,43,NC4K,4121,0,done,0.767983,0.610660,0.085825,0.824793,0.792698,0.831563,0.690072,0.678878,0.710824
SINet_CSHUF_s45,SINet,CSHUF,45,NC4K,4121,0,done,0.767229,0.590895,0.089734,0.818692,0.786077,0.830227,0.679947,0.667104,0.703544
SINetv2_B_s42,SINetv2,B,42,NC4K,4121,0,done,0.753317,0.606123,0.097475,0.810381,0.794098,0.811188,0.663293,0.661198,0.679391
SINetv2_B_s43,SINetv2,B,43,NC4K,4121,0,done,0.743653,0.606844,0.095901,0.809729,0.797977,0.806090,0.660770,0.660693,0.671722
SINetv2_B_s45,SINetv2,B,45,NC4K,4121,0,done,0.748868,0.615240,0.091476,0.815830,0.802753,0.812160,0.671347,0.668104,0.677438
SINetv2_C10_s42,SINetv2,C10,42,NC4K,4121,0,done,0.748534,0.608100,0.096669,0.808746,0.799932,0.810865,0.658193,0.660136,0.675072
SINetv2_C10_s43,SINetv2,C10,43,NC4K,4121,0,done,0.750839,0.606013,0.097324,0.806477,0.797644,0.812606,0.656982,0.661265,0.680532
SINetv2_C10_s45,SINetv2,C10,45,NC4K,4121,0,done,0.749305,0.616029,0.092402,0.816270,0.803169,0.811925,0.670238,0.668566,0.678301
SINetv2_CINV_s42,SINetv2,CINV,42,NC4K,4121,0,done,0.752956,0.600124,0.095453,0.806932,0.796246,0.815196,0.656940,0.658024,0.678326
SINetv2_CINV_s43,SINetv2,CINV,43,NC4K,4121,0,done,0.753600,0.622025,0.089466,0.817224,0.808481,0.817549,0.673662,0.675021,0.685564
SINetv2_CINV_s45,SINetv2,CINV,45,NC4K,4121,0,done,0.753833,0.616887,0.094549,0.811890,0.803723,0.814584,0.667549,0.669280,0.683475
SINetv2_CSHUF_s42,SINetv2,CSHUF,42,NC4K,4121,0,done,0.754154,0.612460,0.093821,0.812362,0.804854,0.819615,0.663250,0.666401,0.684710
SINetv2_CSHUF_s43,SINetv2,CSHUF,43,NC4K,4121,0,done,0.750543,0.611327,0.094270,0.810799,0.800040,0.810530,0.664758,0.665727,0.679231
SINetv2_CSHUF_s45,SINetv2,CSHUF,45,NC4K,4121,0,done,0.749500,0.611780,0.095273,0.812031,0.798264,0.807914,0.666263,0.665000,0.677491
