tag,B,alpha,repr,k,clusters_funded,max_alloc_share,alloc_entropy_norm,tv_from_uniform,n_displaced,degenerate,norm_dmean,d_insample,d_heldout,d_heldout_sd,d_heldout_min,d_heldout_max,ci_lo,ci_hi,band_lo,band_hi,ci_straddles_band,d_order_spread,ORDER_SENSITIVE
dinoL518,250,0.02,R2_cut,75,1,1.0,0.0,0.98667,0,1,0.232525,1.335599,1.172134,0.133194,0.974867,1.486021,0.856899,1.53997,REOPENS,REOPENS,0,0.0,0
dinoL518,250,0.02,R3_render,75,1,1.0,0.0,0.98667,0,1,0.22212,1.229207,1.063382,0.116007,0.91648,1.318389,0.774529,1.392437,REOPENS,REOPENS,0,0.0,0
dinoL518,250,0.05,R2_cut,75,1,1.0,0.00292,0.98495,0,1,0.232525,1.335599,1.172134,0.133194,0.974867,1.486021,0.856899,1.53997,REOPENS,REOPENS,0,0.0,0
dinoL518,250,0.05,R3_render,75,1,1.0,0.00292,0.98495,0,1,0.22212,1.229207,1.063382,0.116007,0.91648,1.318389,0.774529,1.392437,REOPENS,REOPENS,0,0.0,0
dinoL518,250,0.1,R2_cut,75,2,0.96,0.03894,0.97325,0,1,0.230242,1.308574,1.121369,0.138069,0.915053,1.406002,0.79636,1.477638,REOPENS,REOPENS,0,0.0,0
dinoL518,250,0.1,R3_render,75,2,0.96,0.03894,0.97325,0,1,0.219366,1.206531,1.025943,0.124373,0.833443,1.277703,0.715457,1.356943,REOPENS,REOPENS,0,0.0,0
dinoL518,250,0.2,R2_cut,75,4,0.82,0.11979,0.9626,0,0,0.22593,1.313732,1.113459,0.151139,0.837186,1.400774,0.762633,1.495291,REOPENS,REOPENS,0,0.0,0
dinoL518,250,0.2,R3_render,75,4,0.82,0.11979,0.9626,0,0,0.212946,1.194957,0.999263,0.147335,0.764951,1.323044,0.67283,1.370794,REOPENS,REOPENS,0,0.0,0
dinoL518,250,0.5,R2_cut,75,18,0.508,0.36203,0.85906,15,0,0.200967,1.301507,1.047341,0.130982,0.782043,1.285266,0.703073,1.363696,REOPENS,REOPENS,0,0.032891,0
dinoL518,250,0.5,R3_render,75,18,0.508,0.36203,0.85906,15,0,0.191423,1.266152,1.002795,0.131731,0.74326,1.265585,0.661173,1.330095,REOPENS,REOPENS,0,0.024014,0
dinoL518,250,1.0,R2_cut,75,68,0.192,0.78644,0.49253,69,0,0.149313,1.283123,0.828949,0.108954,0.606293,1.051908,0.535671,1.14123,REOPENS,REOPENS,0,0.113767,1
dinoL518,250,1.0,R3_render,75,68,0.192,0.78644,0.49253,69,0,0.143923,1.247249,0.770964,0.101821,0.568034,0.942796,0.472916,1.061631,AMBIGUOUS,REOPENS,1,0.064451,1
dinoL518,250,2.0,R2_cut,75,75,0.064,0.95839,0.21106,94,0,0.119934,1.901409,0.731862,0.127628,0.434991,0.992696,0.365583,1.098267,AMBIGUOUS,REOPENS,1,0.161213,1
dinoL518,250,2.0,R3_render,75,75,0.064,0.95839,0.21106,94,0,0.118688,1.754006,0.692338,0.142982,0.438729,0.908082,0.307047,1.057098,AMBIGUOUS,REOPENS,1,0.159676,1
dinoL518,250,5.0,R2_cut,75,75,0.024,0.99466,0.07567,105,0,0.115958,1.87763,0.673981,0.118799,0.480799,0.858191,0.338017,1.031915,AMBIGUOUS,REOPENS,1,0.126354,1
dinoL518,250,5.0,R3_render,75,75,0.024,0.99466,0.07567,105,0,0.11409,1.659492,0.580206,0.155868,0.291235,0.870788,0.181525,0.978072,CONFIRMED,REOPENS,1,0.175498,1
dinoL518,250,10.0,R2_cut,75,75,0.02,0.99876,0.03672,102,0,0.115722,1.891609,0.670519,0.149795,0.39937,0.973601,0.287823,1.063173,AMBIGUOUS,REOPENS,1,0.080211,1
dinoL518,250,10.0,R3_render,75,75,0.02,0.99876,0.03672,102,0,0.113599,1.654537,0.559204,0.153696,0.305434,0.913523,0.196802,0.977726,CONFIRMED,REOPENS,1,0.160901,1
dinoL518,250,20.0,R2_cut,75,75,0.016,0.9997,0.01815,99,0,0.115326,1.856962,0.646369,0.146816,0.324245,0.873474,0.244641,1.021505,AMBIGUOUS,REOPENS,1,0.100171,1
dinoL518,250,20.0,R3_render,75,75,0.016,0.9997,0.01815,99,0,0.114018,1.629108,0.557793,0.170792,0.216959,0.915713,0.127573,0.983287,CONFIRMED,REOPENS,1,0.110725,1
dinoL518,250,40.0,R2_cut,75,75,0.016,0.99993,0.00903,99,0,0.115326,1.856962,0.646369,0.146816,0.324245,0.873474,0.244641,1.021505,AMBIGUOUS,REOPENS,1,0.100171,1
dinoL518,250,40.0,R3_render,75,75,0.016,0.99993,0.00903,99,0,0.114018,1.629108,0.557793,0.170792,0.216959,0.915713,0.127573,0.983287,CONFIRMED,REOPENS,1,0.110725,1
dinoL518,500,0.02,R2_cut,75,1,1.0,0.0,0.98667,0,1,0.152883,1.145253,0.909526,0.087041,0.756203,1.132701,0.684596,1.1684,REOPENS,REOPENS,0,0.0,0
dinoL518,500,0.02,R3_render,75,1,1.0,0.0,0.98667,0,1,0.145602,1.000854,0.786533,0.072184,0.688817,1.008343,0.583983,1.034212,REOPENS,REOPENS,0,0.0,0
dinoL518,500,0.05,R2_cut,75,2,0.998,0.00292,0.98495,0,1,0.152585,1.141321,0.921154,0.074595,0.798253,1.117629,0.711717,1.163975,REOPENS,REOPENS,0,0.0,0
dinoL518,500,0.05,R3_render,75,2,0.998,0.00292,0.98495,0,1,0.145151,0.997732,0.796646,0.072586,0.684293,0.983041,0.591792,1.036744,REOPENS,REOPENS,0,0.0,0
dinoL518,500,0.1,R2_cut,75,2,0.96,0.03894,0.97325,2,1,0.149132,1.12789,0.912603,0.098099,0.756838,1.114454,0.66516,1.173461,REOPENS,REOPENS,0,0.000243,0
dinoL518,500,0.1,R3_render,75,2,0.96,0.03894,0.97325,2,1,0.140651,0.982236,0.779877,0.08347,0.620208,0.925868,0.549972,1.013516,REOPENS,REOPENS,0,0.005535,0
dinoL518,500,0.2,R2_cut,75,4,0.822,0.11979,0.9626,3,0,0.140083,1.144853,0.858215,0.080566,0.674151,1.036658,0.625355,1.086344,REOPENS,REOPENS,0,0.054042,1
dinoL518,500,0.2,R3_render,75,4,0.822,0.11979,0.9626,3,0,0.128277,1.02773,0.732902,0.073779,0.54164,0.883012,0.50756,0.947784,REOPENS,REOPENS,0,0.069629,1
dinoL518,500,0.5,R2_cut,75,25,0.51,0.36203,0.85906,34,0,0.133882,1.231694,0.929725,0.130404,0.605231,1.148973,0.604851,1.237093,REOPENS,REOPENS,0,0.068354,1
dinoL518,500,0.5,R3_render,75,25,0.51,0.36203,0.85906,34,0,0.126928,1.122256,0.821518,0.108119,0.539796,1.084875,0.532599,1.120796,REOPENS,REOPENS,0,0.064258,1
dinoL518,500,1.0,R2_cut,75,75,0.194,0.78644,0.49253,141,0,0.108894,1.120547,0.684778,0.083005,0.523548,0.908742,0.470705,0.950434,AMBIGUOUS,REOPENS,1,0.082431,1
dinoL518,500,1.0,R3_render,75,75,0.194,0.78644,0.49253,141,0,0.106223,1.046448,0.637573,0.081597,0.502702,0.868843,0.41732,0.893475,AMBIGUOUS,REOPENS,1,0.065534,1
dinoL518,500,2.0,R2_cut,75,75,0.062,0.95839,0.21106,183,0,0.094615,1.348586,0.628065,0.108931,0.335187,0.790204,0.317301,0.881031,AMBIGUOUS,REOPENS,1,0.075317,1
dinoL518,500,2.0,R3_render,75,75,0.062,0.95839,0.21106,183,0,0.092449,1.197435,0.567921,0.11291,0.263295,0.748491,0.243744,0.833155,AMBIGUOUS,REOPENS,1,0.097709,1
dinoL518,500,5.0,R2_cut,75,75,0.026,0.99466,0.07567,191,0,0.091432,1.385451,0.62969,0.095791,0.427777,0.79801,0.368127,0.885426,AMBIGUOUS,REOPENS,1,0.043122,0
dinoL518,500,5.0,R3_render,75,75,0.026,0.99466,0.07567,191,0,0.089564,1.241234,0.584596,0.104146,0.389684,0.750552,0.311097,0.845937,AMBIGUOUS,REOPENS,1,0.058052,1
dinoL518,500,10.0,R2_cut,75,75,0.018,0.99876,0.03672,199,0,0.091928,1.368473,0.614337,0.08415,0.417048,0.74389,0.359427,0.849591,AMBIGUOUS,REOPENS,1,0.068565,1
dinoL518,500,10.0,R3_render,75,75,0.018,0.99876,0.03672,199,0,0.090169,1.228752,0.547559,0.107493,0.316993,0.766501,0.269617,0.832229,AMBIGUOUS,REOPENS,1,0.053069,1
dinoL518,500,20.0,R2_cut,75,75,0.016,0.9997,0.01815,197,0,0.091838,1.352081,0.618236,0.098769,0.437846,0.788133,0.357043,0.879635,AMBIGUOUS,REOPENS,1,0.055949,1
dinoL518,500,20.0,R3_render,75,75,0.016,0.9997,0.01815,197,0,0.090025,1.219404,0.554052,0.114867,0.220958,0.73366,0.211573,0.815268,AMBIGUOUS,REOPENS,1,0.050191,1
dinoL518,500,40.0,R2_cut,75,75,0.014,0.99993,0.00903,196,0,0.091464,1.336235,0.601045,0.082223,0.437432,0.725372,0.35489,0.835875,AMBIGUOUS,REOPENS,1,0.118698,1
dinoL518,500,40.0,R3_render,75,75,0.014,0.99993,0.00903,196,0,0.089617,1.210087,0.543035,0.10004,0.2991,0.684875,0.252056,0.793322,AMBIGUOUS,REOPENS,1,0.095846,1
dinoL518,1000,0.02,R2_cut,75,1,1.0,0.0,0.98667,0,1,0.101353,0.962775,0.758896,0.077479,0.591456,0.922991,0.560106,0.960468,REOPENS,REOPENS,0,0.0,0
dinoL518,1000,0.02,R3_render,75,1,1.0,0.0,0.98667,0,1,0.096454,0.791869,0.62179,0.065956,0.452288,0.783798,0.437498,0.807988,AMBIGUOUS,REOPENS,1,0.0,0
dinoL518,1000,0.05,R2_cut,75,2,0.998,0.00292,0.98495,0,1,0.101246,0.960512,0.768207,0.072828,0.599808,0.934478,0.567882,0.959135,REOPENS,REOPENS,0,0.0,0
dinoL518,1000,0.05,R3_render,75,2,0.998,0.00292,0.98495,0,1,0.096271,0.791094,0.631288,0.076322,0.515243,0.849147,0.451965,0.856752,AMBIGUOUS,REOPENS,1,0.0,0
dinoL518,1000,0.1,R2_cut,75,2,0.96,0.03894,0.97325,5,1,0.097478,0.941867,0.746395,0.069533,0.578569,0.880602,0.559292,0.92507,REOPENS,REOPENS,0,0.014912,0
dinoL518,1000,0.1,R3_render,75,2,0.96,0.03894,0.97325,5,1,0.091244,0.782637,0.618061,0.063955,0.495572,0.766061,0.445448,0.79486,AMBIGUOUS,REOPENS,1,0.000267,0
dinoL518,1000,0.2,R2_cut,75,4,0.822,0.11979,0.9626,21,0,0.093098,1.005741,0.777164,0.077255,0.613208,0.920074,0.57483,0.964869,REOPENS,REOPENS,0,0.025957,0
dinoL518,1000,0.2,R3_render,75,4,0.822,0.11979,0.9626,21,0,0.084618,0.892248,0.654712,0.071951,0.488063,0.785499,0.461485,0.8325,AMBIGUOUS,REOPENS,1,0.022121,0
dinoL518,1000,0.5,R2_cut,75,40,0.509,0.36203,0.85906,115,0,0.091222,1.070098,0.797255,0.065208,0.658463,0.904541,0.615607,0.967508,REOPENS,REOPENS,0,0.059129,1
dinoL518,1000,0.5,R3_render,75,40,0.509,0.36203,0.85906,115,0,0.085762,0.897195,0.65352,0.068687,0.531972,0.757894,0.468597,0.831168,AMBIGUOUS,REOPENS,1,0.03821,0
dinoL518,1000,1.0,R2_cut,75,75,0.194,0.78644,0.49253,370,0,0.079572,0.963639,0.641814,0.056256,0.558,0.754653,0.487953,0.819352,AMBIGUOUS,REOPENS,1,0.056141,1
dinoL518,1000,1.0,R3_render,75,75,0.194,0.78644,0.49253,370,0,0.076704,0.836782,0.538181,0.05051,0.434363,0.634121,0.37619,0.696799,AMBIGUOUS,REOPENS,1,0.038414,0
dinoL518,1000,2.0,R2_cut,75,75,0.063,0.95839,0.21106,473,0,0.07225,1.00275,0.549901,0.076223,0.403767,0.708922,0.36758,0.752016,AMBIGUOUS,REOPENS,1,0.057061,1
dinoL518,1000,2.0,R3_render,75,75,0.063,0.95839,0.21106,473,0,0.070337,0.886974,0.494621,0.081114,0.346679,0.649943,0.300754,0.698646,AMBIGUOUS,REOPENS,1,0.055381,1
dinoL518,1000,5.0,R2_cut,75,75,0.026,0.99466,0.07567,471,0,0.071273,1.007332,0.541953,0.079706,0.367202,0.678991,0.342431,0.739599,AMBIGUOUS,REOPENS,1,0.052915,1
dinoL518,1000,5.0,R3_render,75,75,0.026,0.99466,0.07567,471,0,0.070242,0.912824,0.504005,0.078649,0.350357,0.652408,0.310834,0.710232,AMBIGUOUS,REOPENS,1,0.045738,0
dinoL518,1000,10.0,R2_cut,75,75,0.019,0.99876,0.03672,474,0,0.07159,0.989557,0.507793,0.081219,0.395387,0.665722,0.327094,0.722523,AMBIGUOUS,REOPENS,1,0.099566,1
dinoL518,1000,10.0,R3_render,75,75,0.019,0.99876,0.03672,474,0,0.070987,0.902445,0.488331,0.071823,0.374079,0.643068,0.311336,0.690091,AMBIGUOUS,REOPENS,1,0.090044,1
dinoL518,1000,20.0,R2_cut,75,75,0.016,0.9997,0.01815,473,0,0.070339,0.992308,0.495756,0.061952,0.401642,0.659414,0.33297,0.686177,AMBIGUOUS,REOPENS,1,0.071662,1
dinoL518,1000,20.0,R3_render,75,75,0.016,0.9997,0.01815,473,0,0.069445,0.897655,0.469528,0.061568,0.39285,0.600336,0.30568,0.654558,AMBIGUOUS,REOPENS,1,0.087177,1
dinoL518,1000,40.0,R2_cut,75,75,0.015,0.99993,0.00903,483,0,0.071286,0.989911,0.52191,0.060471,0.417647,0.62039,0.352707,0.689067,AMBIGUOUS,REOPENS,1,0.031939,0
dinoL518,1000,40.0,R3_render,75,75,0.015,0.99993,0.00903,483,0,0.070517,0.90211,0.497386,0.069897,0.394004,0.625622,0.323449,0.691713,AMBIGUOUS,REOPENS,1,0.035088,0
dinoL518,2000,0.02,R2_cut,75,1,1.0,0.0,0.98667,0,1,0.060417,0.664631,0.458992,0.04064,0.382471,0.542099,0.336,0.575131,AMBIGUOUS,REOPENS,1,0.0,0
dinoL518,2000,0.02,R3_render,75,1,1.0,0.0,0.98667,0,1,0.05621,0.527914,0.354395,0.045552,0.284925,0.436678,0.231503,0.477545,AMBIGUOUS,AMBIGUOUS,0,0.0,0
dinoL518,2000,0.05,R2_cut,75,2,0.9985,0.00292,0.98495,1,1,0.060376,0.665487,0.462202,0.050639,0.338558,0.584257,0.325162,0.598012,AMBIGUOUS,REOPENS,1,0.031958,0
dinoL518,2000,0.05,R3_render,75,2,0.9985,0.00292,0.98495,1,1,0.056027,0.528915,0.357837,0.054955,0.22245,0.472076,0.214039,0.502998,AMBIGUOUS,REOPENS,1,0.033052,0
dinoL518,2000,0.1,R2_cut,75,2,0.96,0.03894,0.97325,38,1,0.058762,0.67989,0.455473,0.047159,0.351407,0.587517,0.32617,0.594203,AMBIGUOUS,REOPENS,1,0.015393,0
dinoL518,2000,0.1,R3_render,75,2,0.96,0.03894,0.97325,38,1,0.053347,0.568899,0.361372,0.053319,0.242209,0.478576,0.217433,0.498015,AMBIGUOUS,AMBIGUOUS,0,0.030911,0
dinoL518,2000,0.2,R2_cut,75,4,0.822,0.11979,0.9626,173,0,0.058822,0.743907,0.476056,0.04981,0.360186,0.566038,0.336317,0.594918,AMBIGUOUS,REOPENS,1,0.024998,0
dinoL518,2000,0.2,R3_render,75,4,0.822,0.11979,0.9626,173,0,0.053329,0.648234,0.387927,0.050268,0.296888,0.46868,0.254335,0.507203,AMBIGUOUS,REOPENS,1,0.023032,0
dinoL518,2000,0.5,R2_cut,75,52,0.509,0.36203,0.85906,588,0,0.057769,0.713853,0.466804,0.032525,0.413325,0.523012,0.359379,0.572594,AMBIGUOUS,REOPENS,1,0.060254,1
dinoL518,2000,0.5,R3_render,75,52,0.509,0.36203,0.85906,588,0,0.054497,0.555129,0.361326,0.056193,0.261176,0.44137,0.218126,0.489426,AMBIGUOUS,AMBIGUOUS,0,0.036774,0
dinoL518,2000,1.0,R2_cut,75,75,0.194,0.78644,0.49253,1408,0,0.051992,0.67782,0.392319,0.043526,0.274698,0.483345,0.257669,0.507031,AMBIGUOUS,REOPENS,1,0.036217,0
dinoL518,2000,1.0,R3_render,75,75,0.194,0.78644,0.49253,1408,0,0.049485,0.594455,0.324858,0.053359,0.18388,0.411268,0.165702,0.444933,CONFIRMED,AMBIGUOUS,1,0.061505,1
dinoL518,2000,2.0,R2_cut,75,75,0.0625,0.95839,0.21106,1696,0,0.052405,0.648043,0.384875,0.04624,0.273525,0.456384,0.251735,0.504831,AMBIGUOUS,REOPENS,1,0.017683,0
dinoL518,2000,2.0,R3_render,75,75,0.0625,0.95839,0.21106,1696,0,0.050691,0.603768,0.348976,0.047415,0.228763,0.434615,0.215502,0.472191,AMBIGUOUS,AMBIGUOUS,0,0.031176,0
dinoL518,2000,5.0,R2_cut,75,75,0.0255,0.99466,0.07567,1633,0,0.052796,0.634274,0.378448,0.04905,0.297311,0.448075,0.248799,0.504244,AMBIGUOUS,REOPENS,1,0.05586,1
dinoL518,2000,5.0,R3_render,75,75,0.0255,0.99466,0.07567,1633,0,0.051344,0.589821,0.345217,0.054182,0.239792,0.447307,0.202645,0.478162,AMBIGUOUS,AMBIGUOUS,0,0.068201,1
dinoL518,2000,10.0,R2_cut,75,75,0.0185,0.99876,0.03672,1643,0,0.052513,0.631351,0.368982,0.034187,0.28183,0.429625,0.255104,0.478791,AMBIGUOUS,AMBIGUOUS,0,0.063858,1
dinoL518,2000,10.0,R3_render,75,75,0.0185,0.99876,0.03672,1643,0,0.050909,0.58259,0.340968,0.027844,0.273164,0.390991,0.236093,0.445282,AMBIGUOUS,AMBIGUOUS,0,0.053518,1
dinoL518,2000,20.0,R2_cut,75,75,0.016,0.9997,0.01815,1616,0,0.053099,0.629259,0.382048,0.041762,0.316383,0.456193,0.264653,0.501824,AMBIGUOUS,REOPENS,1,0.068539,1
dinoL518,2000,20.0,R3_render,75,75,0.016,0.9997,0.01815,1616,0,0.051587,0.580815,0.351592,0.039767,0.288395,0.425882,0.235559,0.468943,AMBIGUOUS,AMBIGUOUS,0,0.066821,1
dinoL518,2000,40.0,R2_cut,75,75,0.0145,0.99993,0.00903,1603,0,0.051603,0.625088,0.360531,0.043747,0.251763,0.442546,0.231378,0.480948,AMBIGUOUS,AMBIGUOUS,0,0.047051,0
dinoL518,2000,40.0,R3_render,75,75,0.0145,0.99993,0.00903,1603,0,0.050436,0.580895,0.331563,0.039359,0.232922,0.399853,0.210547,0.445384,AMBIGUOUS,AMBIGUOUS,0,0.038692,0
dinoL518,3000,0.02,R2_cut,75,1,1.0,0.0,0.98667,0,1,0.038942,0.457717,0.236899,0.026522,0.190817,0.289085,0.150553,0.325382,CONFIRMED,AMBIGUOUS,1,0.0,0
dinoL518,3000,0.02,R3_render,75,1,1.0,0.0,0.98667,0,1,0.035506,0.379272,0.167102,0.028804,0.11322,0.24523,0.078313,0.262013,CONFIRMED,AMBIGUOUS,1,0.0,0
dinoL518,3000,0.05,R2_cut,75,2,0.99833,0.00292,0.98495,12,1,0.038831,0.458068,0.244265,0.024143,0.189821,0.298791,0.158119,0.329033,CONFIRMED,AMBIGUOUS,1,0.019147,0
dinoL518,3000,0.05,R3_render,75,2,0.99833,0.00292,0.98495,12,1,0.035335,0.38086,0.173359,0.025312,0.126911,0.231392,0.087226,0.261483,CONFIRMED,AMBIGUOUS,1,0.009238,0
dinoL518,3000,0.1,R2_cut,75,2,0.96033,0.03894,0.97325,165,1,0.038334,0.477641,0.237282,0.02171,0.201546,0.275869,0.156916,0.319783,CONFIRMED,AMBIGUOUS,1,0.005624,0
dinoL518,3000,0.1,R3_render,75,2,0.96033,0.03894,0.97325,165,1,0.034278,0.427196,0.165368,0.024242,0.125368,0.211967,0.080863,0.25209,CONFIRMED,AMBIGUOUS,1,0.011988,0
dinoL518,3000,0.2,R2_cut,75,4,0.822,0.11979,0.9626,625,0,0.038369,0.481457,0.242117,0.032242,0.169212,0.315182,0.146547,0.337886,CONFIRMED,AMBIGUOUS,1,0.015255,0
dinoL518,3000,0.2,R3_render,75,4,0.822,0.11979,0.9626,625,0,0.035093,0.394102,0.179903,0.029837,0.107552,0.222445,0.080198,0.264794,CONFIRMED,AMBIGUOUS,1,0.013993,0
dinoL518,3000,0.5,R2_cut,75,57,0.509,0.36203,0.85906,2140,0,0.036366,0.435036,0.206846,0.028837,0.150846,0.265263,0.116588,0.298029,CONFIRMED,AMBIGUOUS,1,0.019465,0
dinoL518,3000,0.5,R3_render,75,57,0.509,0.36203,0.85906,2140,0,0.034566,0.34092,0.158377,0.030585,0.110628,0.224606,0.065885,0.251115,CONFIRMED,AMBIGUOUS,1,0.015832,0
dinoL518,3000,1.0,R2_cut,75,75,0.194,0.78644,0.49253,3977,0,0.032976,0.417781,0.151699,0.029938,0.082295,0.195375,0.055482,0.238125,CONFIRMED,AMBIGUOUS,1,0.024253,0
dinoL518,3000,1.0,R3_render,75,75,0.194,0.78644,0.49253,3977,0,0.031097,0.372299,0.115694,0.03502,0.0161,0.159214,0.00519,0.204644,CONFIRMED,AMBIGUOUS,1,0.031653,0
dinoL518,3000,2.0,R2_cut,75,75,0.06267,0.95839,0.21106,4293,0,0.032002,0.39646,0.129684,0.02022,0.099311,0.160947,0.047987,0.209418,CONFIRMED,AMBIGUOUS,1,0.030932,0
dinoL518,3000,2.0,R3_render,75,75,0.06267,0.95839,0.21106,4293,0,0.03086,0.374175,0.104757,0.028947,0.052821,0.158709,0.01474,0.196587,CONFIRMED,CONFIRMED,0,0.0398,0
dinoL518,3000,5.0,R2_cut,75,75,0.02567,0.99466,0.07567,4202,0,0.032211,0.396349,0.126372,0.025268,0.080212,0.178466,0.040567,0.212657,CONFIRMED,AMBIGUOUS,1,0.029317,0
dinoL518,3000,5.0,R3_render,75,75,0.02567,0.99466,0.07567,4202,0,0.030775,0.367855,0.099525,0.027407,0.057262,0.150494,0.009375,0.188708,CONFIRMED,CONFIRMED,0,0.034554,0
dinoL518,3000,10.0,R2_cut,75,75,0.01867,0.99876,0.03672,4157,0,0.032453,0.397765,0.126301,0.029285,0.04409,0.175728,0.030811,0.216363,CONFIRMED,AMBIGUOUS,1,0.049845,0
dinoL518,3000,10.0,R3_render,75,75,0.01867,0.99876,0.03672,4157,0,0.031074,0.368136,0.105296,0.02845,0.037068,0.149327,0.01184,0.193228,CONFIRMED,CONFIRMED,0,0.031433,0
dinoL518,3000,20.0,R2_cut,75,75,0.01567,0.9997,0.01815,4177,0,0.032545,0.397419,0.125038,0.024152,0.094043,0.174535,0.041131,0.211001,CONFIRMED,AMBIGUOUS,1,0.034865,0
dinoL518,3000,20.0,R3_render,75,75,0.01567,0.9997,0.01815,4177,0,0.031336,0.364966,0.099089,0.031571,0.038218,0.160391,0.004682,0.195117,CONFIRMED,CONFIRMED,0,0.032612,0
dinoL518,3000,40.0,R2_cut,75,75,0.01467,0.99993,0.00903,4075,0,0.032317,0.393933,0.127898,0.026158,0.054655,0.192769,0.037643,0.215438,CONFIRMED,AMBIGUOUS,1,0.048425,0
dinoL518,3000,40.0,R3_render,75,75,0.01467,0.99993,0.00903,4075,0,0.030782,0.359064,0.098971,0.028276,0.049712,0.15477,0.009228,0.189762,CONFIRMED,CONFIRMED,0,0.037732,0
dinoL518,4447,0.02,R2_cut,75,1,1.0,0.0,0.98667,0,1,0.0,0.0,-0.347283,0.016539,-0.384187,-0.31845,-0.415826,-0.280234,AMBIGUOUS,AMBIGUOUS,0,0.0,0
dinoL518,4447,0.02,R3_render,75,1,1.0,0.0,0.98667,0,1,0.0,0.0,-0.332426,0.030312,-0.381257,-0.26188,-0.412445,-0.241989,AMBIGUOUS,AMBIGUOUS,0,0.0,0
dinoL518,4447,0.05,R2_cut,75,2,0.9982,0.00292,0.98495,3469,1,0.0,0.0,-0.347283,0.016539,-0.384187,-0.31845,-0.415826,-0.280234,AMBIGUOUS,AMBIGUOUS,0,0.0,0
dinoL518,4447,0.05,R3_render,75,2,0.9982,0.00292,0.98495,3469,1,0.0,0.0,-0.332426,0.030312,-0.381257,-0.26188,-0.412445,-0.241989,AMBIGUOUS,AMBIGUOUS,0,0.0,0
dinoL518,4447,0.1,R2_cut,75,2,0.9602,0.03894,0.97325,4210,1,0.0,0.0,-0.347283,0.016539,-0.384187,-0.31845,-0.415826,-0.280234,AMBIGUOUS,AMBIGUOUS,0,0.0,0
dinoL518,4447,0.1,R3_render,75,2,0.9602,0.03894,0.97325,4210,1,0.0,0.0,-0.332426,0.030312,-0.381257,-0.26188,-0.412445,-0.241989,AMBIGUOUS,AMBIGUOUS,0,0.0,0
dinoL518,4447,0.2,R2_cut,75,4,0.82213,0.11979,0.9626,10831,0,0.0,0.0,-0.347283,0.016539,-0.384187,-0.31845,-0.415826,-0.280234,AMBIGUOUS,AMBIGUOUS,0,0.0,0
dinoL518,4447,0.2,R3_render,75,4,0.82213,0.11979,0.9626,10831,0,0.0,0.0,-0.332426,0.030312,-0.381257,-0.26188,-0.412445,-0.241989,AMBIGUOUS,AMBIGUOUS,0,0.0,0
dinoL518,4447,0.5,R2_cut,75,62,0.50888,0.36203,0.85906,51165,0,0.0,0.0,-0.347283,0.016539,-0.384187,-0.31845,-0.415826,-0.280234,AMBIGUOUS,AMBIGUOUS,0,0.0,0
dinoL518,4447,0.5,R3_render,75,62,0.50888,0.36203,0.85906,51165,0,0.0,0.0,-0.332426,0.030312,-0.381257,-0.26188,-0.412445,-0.241989,AMBIGUOUS,AMBIGUOUS,0,0.0,0
dinoL518,4447,1.0,R2_cut,75,75,0.19406,0.78644,0.49253,40124,0,0.0,0.0,-0.347283,0.016539,-0.384187,-0.31845,-0.415826,-0.280234,AMBIGUOUS,AMBIGUOUS,0,0.0,0
dinoL518,4447,1.0,R3_render,75,75,0.19406,0.78644,0.49253,40124,0,0.0,0.0,-0.332426,0.030312,-0.381257,-0.26188,-0.412445,-0.241989,AMBIGUOUS,AMBIGUOUS,0,0.0,0
dinoL518,4447,2.0,R2_cut,75,75,0.06274,0.95839,0.21106,31373,0,0.0,0.0,-0.347283,0.016539,-0.384187,-0.31845,-0.415826,-0.280234,AMBIGUOUS,AMBIGUOUS,0,0.0,0
dinoL518,4447,2.0,R3_render,75,75,0.06274,0.95839,0.21106,31373,0,0.0,0.0,-0.332426,0.030312,-0.381257,-0.26188,-0.412445,-0.241989,AMBIGUOUS,AMBIGUOUS,0,0.0,0
dinoL518,4447,5.0,R2_cut,75,75,0.02564,0.99466,0.07567,26969,0,0.0,0.0,-0.347283,0.016539,-0.384187,-0.31845,-0.415826,-0.280234,AMBIGUOUS,AMBIGUOUS,0,0.0,0
dinoL518,4447,5.0,R3_render,75,75,0.02564,0.99466,0.07567,26969,0,0.0,0.0,-0.332426,0.030312,-0.381257,-0.26188,-0.412445,-0.241989,AMBIGUOUS,AMBIGUOUS,0,0.0,0
dinoL518,4447,10.0,R2_cut,75,75,0.01866,0.99876,0.03672,25358,0,0.0,0.0,-0.347283,0.016539,-0.384187,-0.31845,-0.415826,-0.280234,AMBIGUOUS,AMBIGUOUS,0,0.0,0
dinoL518,4447,10.0,R3_render,75,75,0.01866,0.99876,0.03672,25358,0,0.0,0.0,-0.332426,0.030312,-0.381257,-0.26188,-0.412445,-0.241989,AMBIGUOUS,AMBIGUOUS,0,0.0,0
dinoL518,4447,20.0,R2_cut,75,75,0.01574,0.9997,0.01815,25169,0,0.0,0.0,-0.347283,0.016539,-0.384187,-0.31845,-0.415826,-0.280234,AMBIGUOUS,AMBIGUOUS,0,0.0,0
dinoL518,4447,20.0,R3_render,75,75,0.01574,0.9997,0.01815,25169,0,0.0,0.0,-0.332426,0.030312,-0.381257,-0.26188,-0.412445,-0.241989,AMBIGUOUS,AMBIGUOUS,0,0.0,0
dinoL518,4447,40.0,R2_cut,75,75,0.01462,0.99993,0.00903,24118,0,0.0,0.0,-0.347283,0.016539,-0.384187,-0.31845,-0.415826,-0.280234,AMBIGUOUS,AMBIGUOUS,0,0.0,0
dinoL518,4447,40.0,R3_render,75,75,0.01462,0.99993,0.00903,24118,0,0.0,0.0,-0.332426,0.030312,-0.381257,-0.26188,-0.412445,-0.241989,AMBIGUOUS,AMBIGUOUS,0,0.0,0
dinoL224,250,0.02,R2_cut,50,1,1.0,0.0,0.98,0,1,0.305655,1.580532,1.458163,0.131485,1.279775,1.828122,1.147182,1.864686,REOPENS,REOPENS,0,0.0,0
dinoL224,250,0.02,R3_render,50,1,1.0,0.0,0.98,0,1,0.288274,1.436079,1.305186,0.110585,1.120068,1.585399,1.005557,1.64764,REOPENS,REOPENS,0,0.0,0
dinoL224,250,0.05,R2_cut,50,1,1.0,0.0,0.98,0,1,0.305655,1.580532,1.458163,0.131485,1.279775,1.828122,1.147182,1.864686,REOPENS,REOPENS,0,0.0,0
dinoL224,250,0.05,R3_render,50,1,1.0,0.0,0.98,0,1,0.288274,1.436079,1.305186,0.110585,1.120068,1.585399,1.005557,1.64764,REOPENS,REOPENS,0,0.0,0
dinoL224,250,0.1,R2_cut,50,1,1.0,0.00012,0.97996,0,1,0.305655,1.580532,1.458163,0.131485,1.279775,1.828122,1.147182,1.864686,REOPENS,REOPENS,0,0.0,0
dinoL224,250,0.1,R3_render,50,1,1.0,0.00012,0.97996,0,1,0.288274,1.436079,1.305186,0.110585,1.120068,1.585399,1.005557,1.64764,REOPENS,REOPENS,0,0.0,0
dinoL224,250,0.2,R2_cut,50,4,0.988,0.02387,0.96691,0,1,0.304496,1.567851,1.443716,0.13287,1.215241,1.716407,1.114298,1.813697,REOPENS,REOPENS,0,0.0,0
dinoL224,250,0.2,R3_render,50,4,0.988,0.02387,0.96691,0,1,0.287526,1.429907,1.303962,0.111702,1.087435,1.502366,0.99034,1.634814,REOPENS,REOPENS,0,0.0,0
dinoL224,250,0.5,R2_cut,50,25,0.588,0.46404,0.73254,40,0,0.267975,1.254534,1.135296,0.125527,0.959318,1.334096,0.838255,1.463265,REOPENS,REOPENS,0,0.066994,1
dinoL224,250,0.5,R3_render,50,25,0.588,0.46404,0.73254,40,0,0.255504,1.211096,1.07954,0.118286,0.913219,1.262691,0.795897,1.390213,REOPENS,REOPENS,0,0.060327,1
dinoL224,250,1.0,R2_cut,50,49,0.196,0.84318,0.43599,139,0,0.180423,1.40934,1.074061,0.132674,0.839678,1.261887,0.739942,1.405276,REOPENS,REOPENS,0,0.095824,1
dinoL224,250,1.0,R3_render,50,49,0.196,0.84318,0.43599,139,0,0.174525,1.307272,0.980616,0.116833,0.77689,1.197014,0.670607,1.315388,REOPENS,REOPENS,0,0.067963,1
dinoL224,250,2.0,R2_cut,50,50,0.072,0.96338,0.21071,162,0,0.1505,1.976066,1.232549,0.150782,0.775841,1.494332,0.770015,1.642213,REOPENS,REOPENS,0,0.180023,1
dinoL224,250,2.0,R3_render,50,50,0.072,0.96338,0.21071,162,0,0.144658,1.726134,1.038803,0.145485,0.787138,1.301368,0.663329,1.44996,REOPENS,REOPENS,0,0.109189,1
dinoL224,250,5.0,R2_cut,50,50,0.036,0.99458,0.08119,168,0,0.146954,1.950308,1.188437,0.16011,0.830959,1.477368,0.766332,1.620402,REOPENS,REOPENS,0,0.128272,1
dinoL224,250,5.0,R3_render,50,50,0.036,0.99458,0.08119,168,0,0.143416,1.740687,1.014215,0.155291,0.742203,1.25807,0.633133,1.442655,REOPENS,REOPENS,0,0.104115,1
dinoL224,250,10.0,R2_cut,50,50,0.028,0.99868,0.04001,158,0,0.147807,1.923162,1.17455,0.160268,0.896923,1.421039,0.759474,1.586502,REOPENS,REOPENS,0,0.174921,1
dinoL224,250,10.0,R3_render,50,50,0.028,0.99868,0.04001,158,0,0.14356,1.716278,1.018503,0.142856,0.767509,1.339212,0.652293,1.43945,REOPENS,REOPENS,0,0.148594,1
dinoL224,250,20.0,R2_cut,50,50,0.024,0.99968,0.01985,144,0,0.148497,1.889045,1.17328,0.145592,0.879725,1.474904,0.788874,1.603583,REOPENS,REOPENS,0,0.13664,1
dinoL224,250,20.0,R3_render,50,50,0.024,0.99968,0.01985,144,0,0.142618,1.656037,0.982436,0.130572,0.774331,1.236575,0.622797,1.372464,REOPENS,REOPENS,0,0.121726,1
dinoL224,250,40.0,R2_cut,50,50,0.02,0.99992,0.00988,148,0,0.149303,1.900323,1.166615,0.125704,0.929908,1.375041,0.801463,1.556761,REOPENS,REOPENS,0,0.110586,1
dinoL224,250,40.0,R3_render,50,50,0.02,0.99992,0.00988,148,0,0.143621,1.659618,0.997378,0.133447,0.7951,1.25786,0.644652,1.401728,REOPENS,REOPENS,0,0.112101,1
dinoL224,500,0.02,R2_cut,50,1,1.0,0.0,0.98,0,1,0.205364,1.439283,1.290956,0.104855,1.077765,1.448039,1.016216,1.573748,REOPENS,REOPENS,0,0.0,0
dinoL224,500,0.02,R3_render,50,1,1.0,0.0,0.98,0,1,0.191504,1.178497,1.053927,0.099451,0.898388,1.286983,0.812724,1.353464,REOPENS,REOPENS,0,0.0,0
dinoL224,500,0.05,R2_cut,50,1,1.0,0.0,0.98,0,1,0.205364,1.439283,1.290956,0.104855,1.077765,1.448039,1.016216,1.573748,REOPENS,REOPENS,0,0.0,0
dinoL224,500,0.05,R3_render,50,1,1.0,0.0,0.98,0,1,0.191504,1.178497,1.053927,0.099451,0.898388,1.286983,0.812724,1.353464,REOPENS,REOPENS,0,0.0,0
dinoL224,500,0.1,R2_cut,50,1,1.0,0.00012,0.97996,0,1,0.205364,1.439283,1.290956,0.104855,1.077765,1.448039,1.016216,1.573748,REOPENS,REOPENS,0,0.0,0
dinoL224,500,0.1,R3_render,50,1,1.0,0.00012,0.97996,0,1,0.191504,1.178497,1.053927,0.099451,0.898388,1.286983,0.812724,1.353464,REOPENS,REOPENS,0,0.0,0
dinoL224,500,0.2,R2_cut,50,6,0.986,0.02387,0.96691,1,1,0.203788,1.417505,1.273611,0.097023,1.090461,1.430846,1.004169,1.542462,REOPENS,REOPENS,0,0.000538,0
dinoL224,500,0.2,R3_render,50,6,0.986,0.02387,0.96691,1,1,0.190389,1.172228,1.048414,0.07967,0.890235,1.173603,0.798627,1.288275,REOPENS,REOPENS,0,0.00355,0
dinoL224,500,0.5,R2_cut,50,31,0.586,0.46404,0.73254,124,0,0.166387,1.09379,0.89832,0.089483,0.694612,1.057699,0.65472,1.134653,REOPENS,REOPENS,0,0.057056,1
dinoL224,500,0.5,R3_render,50,31,0.586,0.46404,0.73254,124,0,0.157688,0.985727,0.816362,0.08494,0.611136,0.958944,0.57587,1.043819,REOPENS,REOPENS,0,0.057912,1
dinoL224,500,1.0,R2_cut,50,50,0.194,0.84318,0.43599,305,0,0.148023,1.062648,0.837436,0.118776,0.613071,1.064365,0.550557,1.102102,REOPENS,REOPENS,0,0.075283,1
dinoL224,500,1.0,R3_render,50,50,0.194,0.84318,0.43599,305,0,0.140111,0.96642,0.754111,0.114786,0.567112,1.00698,0.487795,1.036272,AMBIGUOUS,REOPENS,1,0.076845,1
dinoL224,500,2.0,R2_cut,50,50,0.072,0.96338,0.21071,336,0,0.122503,1.449218,0.977766,0.103209,0.797441,1.209213,0.717765,1.272856,REOPENS,REOPENS,0,0.110263,1
dinoL224,500,2.0,R3_render,50,50,0.072,0.96338,0.21071,336,0,0.114946,1.271154,0.849193,0.113344,0.641713,1.11727,0.572219,1.16626,REOPENS,REOPENS,0,0.098701,1
dinoL224,500,5.0,R2_cut,50,50,0.034,0.99458,0.08119,337,0,0.120538,1.437127,0.980272,0.096976,0.829196,1.18398,0.729479,1.257,REOPENS,REOPENS,0,0.045294,0
dinoL224,500,5.0,R3_render,50,50,0.034,0.99458,0.08119,337,0,0.11318,1.282968,0.878374,0.097629,0.703936,1.026718,0.613921,1.148576,REOPENS,REOPENS,0,0.086723,1
dinoL224,500,10.0,R2_cut,50,50,0.026,0.99868,0.04001,332,0,0.119179,1.446188,0.98265,0.078687,0.781469,1.157234,0.734504,1.234582,REOPENS,REOPENS,0,0.08108,1
dinoL224,500,10.0,R3_render,50,50,0.026,0.99868,0.04001,332,0,0.11139,1.275518,0.843154,0.099723,0.651234,1.085423,0.580866,1.130506,REOPENS,REOPENS,0,0.102335,1
dinoL224,500,20.0,R2_cut,50,50,0.022,0.99968,0.01985,321,0,0.121339,1.444186,0.996602,0.095261,0.824138,1.188699,0.735877,1.266669,REOPENS,REOPENS,0,0.05581,1
dinoL224,500,20.0,R3_render,50,50,0.022,0.99968,0.01985,321,0,0.112776,1.273964,0.838867,0.112907,0.686978,1.102248,0.581581,1.165914,REOPENS,REOPENS,0,0.115678,1
dinoL224,500,40.0,R2_cut,50,50,0.022,0.99992,0.00988,328,0,0.122193,1.42439,0.979727,0.105679,0.825336,1.199686,0.710681,1.272248,REOPENS,REOPENS,0,0.05829,1
dinoL224,500,40.0,R3_render,50,50,0.022,0.99992,0.00988,328,0,0.113601,1.276583,0.862642,0.110211,0.672623,1.068827,0.595774,1.155772,REOPENS,REOPENS,0,0.094867,1
dinoL224,1000,0.02,R2_cut,50,1,1.0,0.0,0.98,0,1,0.141902,1.115129,1.024251,0.049412,0.932799,1.110574,0.857925,1.195878,REOPENS,REOPENS,0,0.0,0
dinoL224,1000,0.02,R3_render,50,1,1.0,0.0,0.98,0,1,0.132884,0.879778,0.812174,0.045995,0.740192,0.910635,0.655339,0.978033,REOPENS,REOPENS,0,0.0,0
dinoL224,1000,0.05,R2_cut,50,1,1.0,0.0,0.98,0,1,0.141902,1.115129,1.024251,0.049412,0.932799,1.110574,0.857925,1.195878,REOPENS,REOPENS,0,0.0,0
dinoL224,1000,0.05,R3_render,50,1,1.0,0.0,0.98,0,1,0.132884,0.879778,0.812174,0.045995,0.740192,0.910635,0.655339,0.978033,REOPENS,REOPENS,0,0.0,0
dinoL224,1000,0.1,R2_cut,50,1,1.0,0.00012,0.97996,0,1,0.141902,1.115129,1.024251,0.049412,0.932799,1.110574,0.857925,1.195878,REOPENS,REOPENS,0,0.0,0
dinoL224,1000,0.1,R3_render,50,1,1.0,0.00012,0.97996,0,1,0.132884,0.879778,0.812174,0.045995,0.740192,0.910635,0.655339,0.978033,REOPENS,REOPENS,0,0.0,0
dinoL224,1000,0.2,R2_cut,50,8,0.987,0.02387,0.96691,7,1,0.140379,1.100303,1.016959,0.063997,0.910823,1.126706,0.837192,1.208804,REOPENS,REOPENS,0,0.029549,0
dinoL224,1000,0.2,R3_render,50,8,0.987,0.02387,0.96691,7,1,0.132059,0.876949,0.814531,0.051076,0.719361,0.891788,0.647326,0.980439,REOPENS,REOPENS,0,0.039002,0
dinoL224,1000,0.5,R2_cut,50,39,0.586,0.46404,0.73254,392,0,0.116045,0.995652,0.829806,0.06102,0.736064,0.972144,0.659374,1.017554,REOPENS,REOPENS,0,0.035053,0
dinoL224,1000,0.5,R3_render,50,39,0.586,0.46404,0.73254,392,0,0.110342,0.844142,0.694747,0.068155,0.562768,0.829106,0.513377,0.885229,REOPENS,REOPENS,0,0.034647,0
dinoL224,1000,1.0,R2_cut,50,50,0.194,0.84318,0.43599,838,0,0.103465,0.96302,0.779979,0.080053,0.624564,0.976457,0.576402,0.992962,REOPENS,REOPENS,0,0.082156,1
dinoL224,1000,1.0,R3_render,50,50,0.194,0.84318,0.43599,838,0,0.098011,0.868728,0.692966,0.074707,0.555638,0.85029,0.49814,0.897777,AMBIGUOUS,REOPENS,1,0.054497,1
dinoL224,1000,2.0,R2_cut,50,50,0.072,0.96338,0.21071,907,0,0.09706,1.027675,0.796459,0.073451,0.61612,0.896372,0.584327,0.976395,REOPENS,REOPENS,0,0.059237,1
dinoL224,1000,2.0,R3_render,50,50,0.072,0.96338,0.21071,907,0,0.090902,0.886797,0.690445,0.06529,0.526568,0.787242,0.495171,0.86194,AMBIGUOUS,REOPENS,1,0.067273,1
dinoL224,1000,5.0,R2_cut,50,50,0.035,0.99458,0.08119,918,0,0.096026,1.053971,0.783366,0.073442,0.630608,0.943465,0.592466,0.985073,REOPENS,REOPENS,0,0.075504,1
dinoL224,1000,5.0,R3_render,50,50,0.035,0.99458,0.08119,918,0,0.088313,0.893862,0.679123,0.056595,0.570119,0.780895,0.504169,0.852892,REOPENS,REOPENS,0,0.036444,0
dinoL224,1000,10.0,R2_cut,50,50,0.026,0.99868,0.04001,908,0,0.097887,1.06267,0.788049,0.07282,0.640416,0.938613,0.597805,0.98864,REOPENS,REOPENS,0,0.105423,1
dinoL224,1000,10.0,R3_render,50,50,0.026,0.99868,0.04001,908,0,0.089206,0.909746,0.676523,0.059907,0.589298,0.787874,0.506978,0.859217,REOPENS,REOPENS,0,0.036494,0
dinoL224,1000,20.0,R2_cut,50,50,0.023,0.99968,0.01985,908,0,0.098768,1.066757,0.793625,0.064358,0.681978,0.939386,0.624489,0.991063,REOPENS,REOPENS,0,0.053569,1
dinoL224,1000,20.0,R3_render,50,50,0.023,0.99968,0.01985,908,0,0.089824,0.908287,0.674011,0.070995,0.559794,0.846663,0.497224,0.882305,AMBIGUOUS,REOPENS,1,0.058382,1
dinoL224,1000,40.0,R2_cut,50,50,0.021,0.99992,0.00988,896,0,0.099864,1.053789,0.790833,0.068342,0.655825,0.907599,0.603983,0.982382,REOPENS,REOPENS,0,0.065568,1
dinoL224,1000,40.0,R3_render,50,50,0.021,0.99992,0.00988,896,0,0.09227,0.900823,0.670535,0.071514,0.524729,0.815104,0.478898,0.866748,AMBIGUOUS,REOPENS,1,0.060669,1
dinoL224,2000,0.02,R2_cut,50,1,1.0,0.0,0.98,0,1,0.082683,0.700878,0.581288,0.050284,0.47573,0.701038,0.449411,0.721799,AMBIGUOUS,REOPENS,1,0.0,0
dinoL224,2000,0.02,R3_render,50,1,1.0,0.0,0.98,0,1,0.0775,0.539112,0.439291,0.045884,0.36632,0.569454,0.320785,0.582337,AMBIGUOUS,REOPENS,1,0.0,0
dinoL224,2000,0.05,R2_cut,50,1,1.0,0.0,0.98,0,1,0.082683,0.700878,0.581288,0.050284,0.47573,0.701038,0.449411,0.721799,AMBIGUOUS,REOPENS,1,0.0,0
dinoL224,2000,0.05,R3_render,50,1,1.0,0.0,0.98,0,1,0.0775,0.539112,0.439291,0.045884,0.36632,0.569454,0.320785,0.582337,AMBIGUOUS,REOPENS,1,0.0,0
dinoL224,2000,0.1,R2_cut,50,1,1.0,0.00012,0.97996,0,1,0.082683,0.700878,0.581288,0.050284,0.47573,0.701038,0.449411,0.721799,AMBIGUOUS,REOPENS,1,0.0,0
dinoL224,2000,0.1,R3_render,50,1,1.0,0.00012,0.97996,0,1,0.0775,0.539112,0.439291,0.045884,0.36632,0.569454,0.320785,0.582337,AMBIGUOUS,REOPENS,1,0.0,0
dinoL224,2000,0.2,R2_cut,50,8,0.987,0.02387,0.96691,29,1,0.08195,0.699423,0.583079,0.042341,0.503094,0.671024,0.466486,0.715311,AMBIGUOUS,REOPENS,1,0.01773,0
dinoL224,2000,0.2,R3_render,50,8,0.987,0.02387,0.96691,29,1,0.076733,0.540635,0.455207,0.03769,0.397598,0.532754,0.343116,0.576322,AMBIGUOUS,REOPENS,1,0.017496,0
dinoL224,2000,0.5,R2_cut,50,45,0.586,0.46404,0.73254,1570,0,0.073783,0.682443,0.551128,0.041989,0.490072,0.620276,0.432088,0.673534,AMBIGUOUS,REOPENS,1,0.026556,0
dinoL224,2000,0.5,R3_render,50,45,0.586,0.46404,0.73254,1570,0,0.069645,0.561902,0.453851,0.05244,0.361113,0.552577,0.318493,0.589655,AMBIGUOUS,REOPENS,1,0.039746,0
dinoL224,2000,1.0,R2_cut,50,50,0.1945,0.84318,0.43599,3013,0,0.067639,0.652645,0.498678,0.033515,0.430179,0.572476,0.39034,0.614235,AMBIGUOUS,REOPENS,1,0.066475,1
dinoL224,2000,1.0,R3_render,50,50,0.1945,0.84318,0.43599,3013,0,0.062561,0.561577,0.410719,0.04236,0.328299,0.500972,0.29062,0.536868,AMBIGUOUS,REOPENS,1,0.073762,1
dinoL224,2000,2.0,R2_cut,50,50,0.0725,0.96338,0.21071,2952,0,0.069124,0.680891,0.521879,0.027992,0.474247,0.599022,0.417837,0.631724,AMBIGUOUS,REOPENS,1,0.044338,0
dinoL224,2000,2.0,R3_render,50,50,0.0725,0.96338,0.21071,2952,0,0.063611,0.582401,0.432298,0.033876,0.362467,0.48771,0.316969,0.542078,AMBIGUOUS,REOPENS,1,0.032306,0
dinoL224,2000,5.0,R2_cut,50,50,0.0345,0.99458,0.08119,2921,0,0.070458,0.689471,0.55627,0.028983,0.505618,0.625335,0.451486,0.665419,AMBIGUOUS,REOPENS,1,0.055613,1
dinoL224,2000,5.0,R3_render,50,50,0.0345,0.99458,0.08119,2921,0,0.064473,0.576592,0.461526,0.029988,0.407611,0.517969,0.352735,0.567362,AMBIGUOUS,REOPENS,1,0.056097,1
dinoL224,2000,10.0,R2_cut,50,50,0.0265,0.99868,0.04001,2911,0,0.071373,0.691459,0.545353,0.041635,0.470727,0.630042,0.425588,0.668866,AMBIGUOUS,REOPENS,1,0.050899,1
dinoL224,2000,10.0,R3_render,50,50,0.0265,0.99868,0.04001,2911,0,0.065429,0.571426,0.431173,0.035543,0.373315,0.506971,0.32224,0.548357,AMBIGUOUS,REOPENS,1,0.025178,0
dinoL224,2000,20.0,R2_cut,50,50,0.023,0.99968,0.01985,2886,0,0.070989,0.694746,0.546011,0.039678,0.45209,0.600704,0.419605,0.659477,AMBIGUOUS,REOPENS,1,0.036262,0
dinoL224,2000,20.0,R3_render,50,50,0.023,0.99968,0.01985,2886,0,0.064809,0.576184,0.436908,0.04699,0.328554,0.505716,0.301894,0.557732,AMBIGUOUS,REOPENS,1,0.031641,0
dinoL224,2000,40.0,R2_cut,50,50,0.0215,0.99992,0.00988,2900,0,0.071692,0.693683,0.550486,0.03793,0.488356,0.650059,0.439275,0.674273,AMBIGUOUS,REOPENS,1,0.049741,0
dinoL224,2000,40.0,R3_render,50,50,0.0215,0.99992,0.00988,2900,0,0.06554,0.574102,0.440009,0.049331,0.357922,0.535436,0.312264,0.570377,AMBIGUOUS,REOPENS,1,0.033078,0
dinoL224,3000,0.02,R2_cut,50,1,1.0,0.0,0.98,0,1,0.044361,0.41942,0.268107,0.033273,0.171747,0.332692,0.163534,0.362365,CONFIRMED,AMBIGUOUS,1,0.0,0
dinoL224,3000,0.02,R3_render,50,1,1.0,0.0,0.98,0,1,0.040185,0.316218,0.189117,0.028435,0.136055,0.24188,0.098045,0.278074,CONFIRMED,AMBIGUOUS,1,0.0,0
dinoL224,3000,0.05,R2_cut,50,1,1.0,0.0,0.98,0,1,0.044361,0.41942,0.268107,0.033273,0.171747,0.332692,0.163534,0.362365,CONFIRMED,AMBIGUOUS,1,0.0,0
dinoL224,3000,0.05,R3_render,50,1,1.0,0.0,0.98,0,1,0.040185,0.316218,0.189117,0.028435,0.136055,0.24188,0.098045,0.278074,CONFIRMED,AMBIGUOUS,1,0.0,0
dinoL224,3000,0.1,R2_cut,50,1,1.0,0.00012,0.97996,0,1,0.044361,0.41942,0.268107,0.033273,0.171747,0.332692,0.163534,0.362365,CONFIRMED,AMBIGUOUS,1,0.0,0
dinoL224,3000,0.1,R3_render,50,1,1.0,0.00012,0.97996,0,1,0.040185,0.316218,0.189117,0.028435,0.136055,0.24188,0.098045,0.278074,CONFIRMED,AMBIGUOUS,1,0.0,0
dinoL224,3000,0.2,R2_cut,50,9,0.987,0.02387,0.96691,147,1,0.044616,0.423246,0.266002,0.025388,0.225634,0.309693,0.179046,0.353162,CONFIRMED,AMBIGUOUS,1,0.015504,0
dinoL224,3000,0.2,R3_render,50,9,0.987,0.02387,0.96691,147,1,0.040492,0.321927,0.18311,0.019863,0.143593,0.213846,0.101185,0.265127,CONFIRMED,AMBIGUOUS,1,0.020584,0
dinoL224,3000,0.5,R2_cut,50,45,0.586,0.46404,0.73254,4592,0,0.042132,0.412139,0.251993,0.025198,0.210512,0.311101,0.166295,0.343117,CONFIRMED,AMBIGUOUS,1,0.023251,0
dinoL224,3000,0.5,R3_render,50,45,0.586,0.46404,0.73254,4592,0,0.038627,0.326264,0.184554,0.024253,0.137451,0.225441,0.096514,0.270551,CONFIRMED,AMBIGUOUS,1,0.023249,0
dinoL224,3000,1.0,R2_cut,50,50,0.19433,0.84318,0.43599,7022,0,0.042846,0.415841,0.252588,0.027493,0.202307,0.302148,0.162211,0.341808,CONFIRMED,AMBIGUOUS,1,0.039373,0
dinoL224,3000,1.0,R3_render,50,50,0.19433,0.84318,0.43599,7022,0,0.039333,0.343361,0.195867,0.024461,0.149095,0.248536,0.108833,0.282439,CONFIRMED,AMBIGUOUS,1,0.034417,0
dinoL224,3000,2.0,R2_cut,50,50,0.07233,0.96338,0.21071,7398,0,0.043358,0.423992,0.277006,0.026658,0.233188,0.332303,0.189739,0.368294,CONFIRMED,AMBIGUOUS,1,0.052044,1
dinoL224,3000,2.0,R3_render,50,50,0.07233,0.96338,0.21071,7398,0,0.039078,0.359735,0.217234,0.027997,0.153887,0.271973,0.123339,0.305199,CONFIRMED,AMBIGUOUS,1,0.04237,0
dinoL224,3000,5.0,R2_cut,50,50,0.03467,0.99458,0.08119,7147,0,0.043215,0.426327,0.269973,0.025002,0.21867,0.301795,0.181609,0.354642,CONFIRMED,AMBIGUOUS,1,0.029304,0
dinoL224,3000,5.0,R3_render,50,50,0.03467,0.99458,0.08119,7147,0,0.039034,0.359022,0.203822,0.023287,0.162691,0.238861,0.119456,0.287858,CONFIRMED,AMBIGUOUS,1,0.027073,0
dinoL224,3000,10.0,R2_cut,50,50,0.02633,0.99868,0.04001,7119,0,0.043515,0.427905,0.271889,0.021901,0.239045,0.315738,0.188987,0.356712,CONFIRMED,AMBIGUOUS,1,0.036398,0
dinoL224,3000,10.0,R3_render,50,50,0.02633,0.99868,0.04001,7119,0,0.039228,0.357187,0.204188,0.028241,0.141808,0.25315,0.111323,0.292842,CONFIRMED,AMBIGUOUS,1,0.032813,0
dinoL224,3000,20.0,R2_cut,50,50,0.023,0.99968,0.01985,7055,0,0.04379,0.427649,0.272857,0.028383,0.21741,0.322701,0.1802,0.36275,CONFIRMED,AMBIGUOUS,1,0.037118,0
dinoL224,3000,20.0,R3_render,50,50,0.023,0.99968,0.01985,7055,0,0.039483,0.357947,0.212049,0.02664,0.152751,0.253964,0.121406,0.300942,CONFIRMED,AMBIGUOUS,1,0.040338,0
dinoL224,3000,40.0,R2_cut,50,50,0.02133,0.99992,0.00988,7113,0,0.04399,0.423279,0.274434,0.021838,0.22994,0.317079,0.19142,0.357502,CONFIRMED,AMBIGUOUS,1,0.039345,0
dinoL224,3000,40.0,R3_render,50,50,0.02133,0.99992,0.00988,7113,0,0.039978,0.35361,0.208785,0.025478,0.155772,0.245043,0.120834,0.294316,CONFIRMED,AMBIGUOUS,1,0.02663,0
dinoL224,4447,0.02,R2_cut,50,1,1.0,0.0,0.98,0,1,0.0,0.0,-0.306792,0.021344,-0.348398,-0.255926,-0.378843,-0.233205,AMBIGUOUS,AMBIGUOUS,0,0.0,0
dinoL224,4447,0.02,R3_render,50,1,1.0,0.0,0.98,0,1,0.0,-0.0,-0.309901,0.035488,-0.385571,-0.231185,-0.400503,-0.214019,AMBIGUOUS,AMBIGUOUS,0,0.0,0
dinoL224,4447,0.05,R2_cut,50,1,1.0,0.0,0.98,0,1,0.0,0.0,-0.306792,0.021344,-0.348398,-0.255926,-0.378843,-0.233205,AMBIGUOUS,AMBIGUOUS,0,0.0,0
dinoL224,4447,0.05,R3_render,50,1,1.0,0.0,0.98,0,1,0.0,-0.0,-0.309901,0.035488,-0.385571,-0.231185,-0.400503,-0.214019,AMBIGUOUS,AMBIGUOUS,0,0.0,0
dinoL224,4447,0.1,R2_cut,50,1,1.0,0.00012,0.97996,0,1,0.0,0.0,-0.306792,0.021344,-0.348398,-0.255926,-0.378843,-0.233205,AMBIGUOUS,AMBIGUOUS,0,0.0,0
dinoL224,4447,0.1,R3_render,50,1,1.0,0.00012,0.97996,0,1,0.0,-0.0,-0.309901,0.035488,-0.385571,-0.231185,-0.400503,-0.214019,AMBIGUOUS,AMBIGUOUS,0,0.0,0
dinoL224,4447,0.2,R2_cut,50,10,0.98696,0.02387,0.96691,20053,1,0.0,0.0,-0.306792,0.021344,-0.348398,-0.255926,-0.378843,-0.233205,AMBIGUOUS,AMBIGUOUS,0,0.0,0
dinoL224,4447,0.2,R3_render,50,10,0.98696,0.02387,0.96691,20053,1,0.0,-0.0,-0.309901,0.035488,-0.385571,-0.231185,-0.400503,-0.214019,AMBIGUOUS,AMBIGUOUS,0,0.0,0
dinoL224,4447,0.5,R2_cut,50,46,0.58601,0.46404,0.73254,68916,0,0.0,0.0,-0.306792,0.021344,-0.348398,-0.255926,-0.378843,-0.233205,AMBIGUOUS,AMBIGUOUS,0,0.0,0
dinoL224,4447,0.5,R3_render,50,46,0.58601,0.46404,0.73254,68916,0,0.0,-0.0,-0.309901,0.035488,-0.385571,-0.231185,-0.400503,-0.214019,AMBIGUOUS,AMBIGUOUS,0,0.0,0
dinoL224,4447,1.0,R2_cut,50,50,0.19429,0.84318,0.43599,57262,0,0.0,0.0,-0.306792,0.021344,-0.348398,-0.255926,-0.378843,-0.233205,AMBIGUOUS,AMBIGUOUS,0,0.0,0
dinoL224,4447,1.0,R3_render,50,50,0.19429,0.84318,0.43599,57262,0,0.0,-0.0,-0.309901,0.035488,-0.385571,-0.231185,-0.400503,-0.214019,AMBIGUOUS,AMBIGUOUS,0,0.0,0
dinoL224,4447,2.0,R2_cut,50,50,0.07241,0.96338,0.21071,42330,0,0.0,0.0,-0.306792,0.021344,-0.348398,-0.255926,-0.378843,-0.233205,AMBIGUOUS,AMBIGUOUS,0,0.0,0
dinoL224,4447,2.0,R3_render,50,50,0.07241,0.96338,0.21071,42330,0,0.0,-0.0,-0.309901,0.035488,-0.385571,-0.231185,-0.400503,-0.214019,AMBIGUOUS,AMBIGUOUS,0,0.0,0
dinoL224,4447,5.0,R2_cut,50,50,0.03463,0.99458,0.08119,35603,0,0.0,0.0,-0.306792,0.021344,-0.348398,-0.255926,-0.378843,-0.233205,AMBIGUOUS,AMBIGUOUS,0,0.0,0
dinoL224,4447,5.0,R3_render,50,50,0.03463,0.99458,0.08119,35603,0,0.0,-0.0,-0.309901,0.035488,-0.385571,-0.231185,-0.400503,-0.214019,AMBIGUOUS,AMBIGUOUS,0,0.0,0
dinoL224,4447,10.0,R2_cut,50,50,0.02653,0.99868,0.04001,32952,0,0.0,0.0,-0.306792,0.021344,-0.348398,-0.255926,-0.378843,-0.233205,AMBIGUOUS,AMBIGUOUS,0,0.0,0
dinoL224,4447,10.0,R3_render,50,50,0.02653,0.99868,0.04001,32952,0,0.0,-0.0,-0.309901,0.035488,-0.385571,-0.231185,-0.400503,-0.214019,AMBIGUOUS,AMBIGUOUS,0,0.0,0
dinoL224,4447,20.0,R2_cut,50,50,0.02294,0.99968,0.01985,31488,0,0.0,0.0,-0.306792,0.021344,-0.348398,-0.255926,-0.378843,-0.233205,AMBIGUOUS,AMBIGUOUS,0,0.0,0
dinoL224,4447,20.0,R3_render,50,50,0.02294,0.99968,0.01985,31488,0,0.0,-0.0,-0.309901,0.035488,-0.385571,-0.231185,-0.400503,-0.214019,AMBIGUOUS,AMBIGUOUS,0,0.0,0
dinoL224,4447,40.0,R2_cut,50,50,0.02136,0.99992,0.00988,31388,0,0.0,0.0,-0.306792,0.021344,-0.348398,-0.255926,-0.378843,-0.233205,AMBIGUOUS,AMBIGUOUS,0,0.0,0
dinoL224,4447,40.0,R3_render,50,50,0.02136,0.99992,0.00988,31388,0,0.0,-0.0,-0.309901,0.035488,-0.385571,-0.231185,-0.400503,-0.214019,AMBIGUOUS,AMBIGUOUS,0,0.0,0
