tag,B,alpha,repr,d_heldout,ci_draws_lo,ci_draws_hi,ci_boot_lo,ci_boot_hi,ci_combined_lo,ci_combined_hi,band_lo,band_hi,ci_straddles_band
dinoL518,250,0.02,R2_cut,1.172134,0.983546,1.41821,0.856899,1.53997,0.856899,1.53997,REOPENS,REOPENS,0
dinoL518,250,0.02,R3_render,1.063382,0.916819,1.289268,0.774529,1.392437,0.774529,1.392437,REOPENS,REOPENS,0
dinoL518,250,0.05,R2_cut,1.172134,0.983546,1.41821,0.856899,1.53997,0.856899,1.53997,REOPENS,REOPENS,0
dinoL518,250,0.05,R3_render,1.063382,0.916819,1.289268,0.774529,1.392437,0.774529,1.392437,REOPENS,REOPENS,0
dinoL518,250,0.1,R2_cut,1.121369,0.920568,1.368598,0.79636,1.477638,0.79636,1.477638,REOPENS,REOPENS,0
dinoL518,250,0.1,R3_render,1.025943,0.847069,1.24479,0.715457,1.356943,0.715457,1.356943,REOPENS,REOPENS,0
dinoL518,250,0.2,R2_cut,1.113459,0.851497,1.386903,0.762633,1.495291,0.762633,1.495291,REOPENS,REOPENS,0
dinoL518,250,0.2,R3_render,0.999263,0.768063,1.259225,0.67283,1.370794,0.67283,1.370794,REOPENS,REOPENS,0
dinoL518,250,0.5,R2_cut,1.047341,0.809341,1.259249,0.703073,1.363696,0.703073,1.363696,REOPENS,REOPENS,0
dinoL518,250,0.5,R3_render,1.002795,0.763028,1.214146,0.661173,1.330095,0.661173,1.330095,REOPENS,REOPENS,0
dinoL518,250,1.0,R2_cut,0.828949,0.660245,1.017129,0.535671,1.14123,0.535671,1.14123,REOPENS,REOPENS,0
dinoL518,250,1.0,R3_render,0.770964,0.598343,0.925978,0.472916,1.061631,0.472916,1.061631,AMBIGUOUS,REOPENS,1
dinoL518,250,2.0,R2_cut,0.731862,0.48746,0.949168,0.365583,1.098267,0.365583,1.098267,AMBIGUOUS,REOPENS,1
dinoL518,250,2.0,R3_render,0.692338,0.444701,0.902215,0.307047,1.057098,0.307047,1.057098,AMBIGUOUS,REOPENS,1
dinoL518,250,5.0,R2_cut,0.673981,0.489361,0.852005,0.338017,1.031915,0.338017,1.031915,AMBIGUOUS,REOPENS,1
dinoL518,250,5.0,R3_render,0.580206,0.300616,0.860128,0.181525,0.978072,0.181525,0.978072,CONFIRMED,REOPENS,1
dinoL518,250,10.0,R2_cut,0.670519,0.427644,0.92539,0.287823,1.063173,0.287823,1.063173,AMBIGUOUS,REOPENS,1
dinoL518,250,10.0,R3_render,0.559204,0.340807,0.851596,0.196802,0.977726,0.196802,0.977726,CONFIRMED,REOPENS,1
dinoL518,250,20.0,R2_cut,0.646369,0.366577,0.871194,0.244641,1.021505,0.244641,1.021505,AMBIGUOUS,REOPENS,1
dinoL518,250,20.0,R3_render,0.557793,0.231635,0.864115,0.127573,0.983287,0.127573,0.983287,CONFIRMED,REOPENS,1
dinoL518,250,40.0,R2_cut,0.646369,0.366577,0.871194,0.244641,1.021505,0.244641,1.021505,AMBIGUOUS,REOPENS,1
dinoL518,250,40.0,R3_render,0.557793,0.231635,0.864115,0.127573,0.983287,0.127573,0.983287,CONFIRMED,REOPENS,1
dinoL518,500,0.02,R2_cut,0.909526,0.768121,1.087942,0.684596,1.1684,0.684596,1.1684,REOPENS,REOPENS,0
dinoL518,500,0.02,R3_render,0.786533,0.689464,0.956266,0.583983,1.034212,0.583983,1.034212,REOPENS,REOPENS,0
dinoL518,500,0.05,R2_cut,0.921154,0.805278,1.078508,0.711717,1.163975,0.711717,1.163975,REOPENS,REOPENS,0
dinoL518,500,0.05,R3_render,0.796646,0.69602,0.955337,0.591792,1.036744,0.591792,1.036744,REOPENS,REOPENS,0
dinoL518,500,0.1,R2_cut,0.912603,0.763612,1.088284,0.66516,1.173461,0.66516,1.173461,REOPENS,REOPENS,0
dinoL518,500,0.1,R3_render,0.779877,0.64304,0.912915,0.549972,1.013516,0.549972,1.013516,REOPENS,REOPENS,0
dinoL518,500,0.2,R2_cut,0.858215,0.702267,1.004994,0.625355,1.086344,0.625355,1.086344,REOPENS,REOPENS,0
dinoL518,500,0.2,R3_render,0.732902,0.593837,0.862448,0.50756,0.947784,0.50756,0.947784,REOPENS,REOPENS,0
dinoL518,500,0.5,R2_cut,0.929725,0.685444,1.139201,0.604851,1.237093,0.604851,1.237093,REOPENS,REOPENS,0
dinoL518,500,0.5,R3_render,0.821518,0.61225,1.023521,0.532599,1.120796,0.532599,1.120796,REOPENS,REOPENS,0
dinoL518,500,1.0,R2_cut,0.684778,0.560086,0.88003,0.470705,0.950434,0.470705,0.950434,AMBIGUOUS,REOPENS,1
dinoL518,500,1.0,R3_render,0.637573,0.506447,0.797838,0.41732,0.893475,0.41732,0.893475,AMBIGUOUS,REOPENS,1
dinoL518,500,2.0,R2_cut,0.628065,0.399604,0.769805,0.317301,0.881031,0.317301,0.881031,AMBIGUOUS,REOPENS,1
dinoL518,500,2.0,R3_render,0.567921,0.332651,0.737622,0.243744,0.833155,0.243744,0.833155,AMBIGUOUS,REOPENS,1
dinoL518,500,5.0,R2_cut,0.62969,0.457525,0.797975,0.368127,0.885426,0.368127,0.885426,AMBIGUOUS,REOPENS,1
dinoL518,500,5.0,R3_render,0.584596,0.399356,0.7331,0.311097,0.845937,0.311097,0.845937,AMBIGUOUS,REOPENS,1
dinoL518,500,10.0,R2_cut,0.614337,0.438605,0.738557,0.359427,0.849591,0.359427,0.849591,AMBIGUOUS,REOPENS,1
dinoL518,500,10.0,R3_render,0.547559,0.355784,0.746456,0.269617,0.832229,0.269617,0.832229,AMBIGUOUS,REOPENS,1
dinoL518,500,20.0,R2_cut,0.618236,0.438195,0.784478,0.357043,0.879635,0.357043,0.879635,AMBIGUOUS,REOPENS,1
dinoL518,500,20.0,R3_render,0.554052,0.305815,0.715918,0.211573,0.815268,0.211573,0.815268,AMBIGUOUS,REOPENS,1
dinoL518,500,40.0,R2_cut,0.601045,0.449197,0.718534,0.35489,0.835875,0.35489,0.835875,AMBIGUOUS,REOPENS,1
dinoL518,500,40.0,R3_render,0.543035,0.331685,0.675,0.252056,0.793322,0.252056,0.793322,AMBIGUOUS,REOPENS,1
dinoL518,1000,0.02,R2_cut,0.758896,0.607043,0.90809,0.560106,0.960468,0.560106,0.960468,REOPENS,REOPENS,0
dinoL518,1000,0.02,R3_render,0.62179,0.501774,0.744313,0.437498,0.807988,0.437498,0.807988,AMBIGUOUS,REOPENS,1
dinoL518,1000,0.05,R2_cut,0.768207,0.61889,0.901426,0.567882,0.959135,0.567882,0.959135,REOPENS,REOPENS,0
dinoL518,1000,0.05,R3_render,0.631288,0.517339,0.792267,0.451965,0.856752,0.451965,0.856752,AMBIGUOUS,REOPENS,1
dinoL518,1000,0.1,R2_cut,0.746395,0.612944,0.853977,0.559292,0.92507,0.559292,0.92507,REOPENS,REOPENS,0
dinoL518,1000,0.1,R3_render,0.618061,0.508159,0.728702,0.445448,0.79486,0.445448,0.79486,AMBIGUOUS,REOPENS,1
dinoL518,1000,0.2,R2_cut,0.777164,0.620255,0.904607,0.57483,0.964869,0.57483,0.964869,REOPENS,REOPENS,0
dinoL518,1000,0.2,R3_render,0.654712,0.52269,0.767659,0.461485,0.8325,0.461485,0.8325,AMBIGUOUS,REOPENS,1
dinoL518,1000,0.5,R2_cut,0.797255,0.670089,0.896943,0.615607,0.967508,0.615607,0.967508,REOPENS,REOPENS,0
dinoL518,1000,0.5,R3_render,0.65352,0.541178,0.756581,0.468597,0.831168,0.468597,0.831168,AMBIGUOUS,REOPENS,1
dinoL518,1000,1.0,R2_cut,0.641814,0.565702,0.751324,0.487953,0.819352,0.487953,0.819352,AMBIGUOUS,REOPENS,1
dinoL518,1000,1.0,R3_render,0.538181,0.440505,0.61931,0.37619,0.696799,0.37619,0.696799,AMBIGUOUS,REOPENS,1
dinoL518,1000,2.0,R2_cut,0.549901,0.426887,0.691734,0.36758,0.752016,0.36758,0.752016,AMBIGUOUS,REOPENS,1
dinoL518,1000,2.0,R3_render,0.494621,0.367586,0.633974,0.300754,0.698646,0.300754,0.698646,AMBIGUOUS,REOPENS,1
dinoL518,1000,5.0,R2_cut,0.541953,0.406786,0.666907,0.342431,0.739599,0.342431,0.739599,AMBIGUOUS,REOPENS,1
dinoL518,1000,5.0,R3_render,0.504005,0.367265,0.63891,0.310834,0.710232,0.310834,0.710232,AMBIGUOUS,REOPENS,1
dinoL518,1000,10.0,R2_cut,0.507793,0.395827,0.665613,0.327094,0.722523,0.327094,0.722523,AMBIGUOUS,REOPENS,1
dinoL518,1000,10.0,R3_render,0.488331,0.378645,0.6296,0.311336,0.690091,0.311336,0.690091,AMBIGUOUS,REOPENS,1
dinoL518,1000,20.0,R2_cut,0.495756,0.40203,0.624053,0.33297,0.686177,0.33297,0.686177,AMBIGUOUS,REOPENS,1
dinoL518,1000,20.0,R3_render,0.469528,0.39408,0.592666,0.30568,0.654558,0.30568,0.654558,AMBIGUOUS,REOPENS,1
dinoL518,1000,40.0,R2_cut,0.52191,0.421283,0.61141,0.352707,0.689067,0.352707,0.689067,AMBIGUOUS,REOPENS,1
dinoL518,1000,40.0,R3_render,0.497386,0.395876,0.624795,0.323449,0.691713,0.323449,0.691713,AMBIGUOUS,REOPENS,1
dinoL518,2000,0.02,R2_cut,0.458992,0.382971,0.526447,0.336,0.575131,0.336,0.575131,AMBIGUOUS,REOPENS,1
dinoL518,2000,0.02,R3_render,0.354395,0.285414,0.426901,0.231503,0.477545,0.231503,0.477545,AMBIGUOUS,AMBIGUOUS,0
dinoL518,2000,0.05,R2_cut,0.462202,0.365921,0.55367,0.325162,0.598012,0.325162,0.598012,AMBIGUOUS,REOPENS,1
dinoL518,2000,0.05,R3_render,0.357837,0.255938,0.467204,0.214039,0.502998,0.214039,0.502998,AMBIGUOUS,REOPENS,1
dinoL518,2000,0.1,R2_cut,0.455473,0.364386,0.546337,0.32617,0.594203,0.32617,0.594203,AMBIGUOUS,REOPENS,1
dinoL518,2000,0.1,R3_render,0.361372,0.255184,0.454423,0.217433,0.498015,0.217433,0.498015,AMBIGUOUS,AMBIGUOUS,0
dinoL518,2000,0.2,R2_cut,0.476056,0.379094,0.55224,0.336317,0.594918,0.336317,0.594918,AMBIGUOUS,REOPENS,1
dinoL518,2000,0.2,R3_render,0.387927,0.3004,0.460297,0.254335,0.507203,0.254335,0.507203,AMBIGUOUS,REOPENS,1
dinoL518,2000,0.5,R2_cut,0.466804,0.416388,0.51744,0.359379,0.572594,0.359379,0.572594,AMBIGUOUS,REOPENS,1
dinoL518,2000,0.5,R3_render,0.361326,0.262167,0.437554,0.218126,0.489426,0.218126,0.489426,AMBIGUOUS,AMBIGUOUS,0
dinoL518,2000,1.0,R2_cut,0.392319,0.297065,0.458055,0.257669,0.507031,0.257669,0.507031,AMBIGUOUS,REOPENS,1
dinoL518,2000,1.0,R3_render,0.324858,0.202973,0.393736,0.165702,0.444933,0.165702,0.444933,CONFIRMED,AMBIGUOUS,1
dinoL518,2000,2.0,R2_cut,0.384875,0.285173,0.454605,0.251735,0.504831,0.251735,0.504831,AMBIGUOUS,REOPENS,1
dinoL518,2000,2.0,R3_render,0.348976,0.263017,0.428653,0.215502,0.472191,0.215502,0.472191,AMBIGUOUS,AMBIGUOUS,0
dinoL518,2000,5.0,R2_cut,0.378448,0.297465,0.447213,0.248799,0.504244,0.248799,0.504244,AMBIGUOUS,REOPENS,1
dinoL518,2000,5.0,R3_render,0.345217,0.245171,0.429251,0.202645,0.478162,0.202645,0.478162,AMBIGUOUS,AMBIGUOUS,0
dinoL518,2000,10.0,R2_cut,0.368982,0.294554,0.426113,0.255104,0.478791,0.255104,0.478791,AMBIGUOUS,AMBIGUOUS,0
dinoL518,2000,10.0,R3_render,0.340968,0.287693,0.388328,0.236093,0.445282,0.236093,0.445282,AMBIGUOUS,AMBIGUOUS,0
dinoL518,2000,20.0,R2_cut,0.382048,0.318648,0.455822,0.264653,0.501824,0.264653,0.501824,AMBIGUOUS,REOPENS,1
dinoL518,2000,20.0,R3_render,0.351592,0.290687,0.417662,0.235559,0.468943,0.235559,0.468943,AMBIGUOUS,AMBIGUOUS,0
dinoL518,2000,40.0,R2_cut,0.360531,0.266843,0.433697,0.231378,0.480948,0.231378,0.480948,AMBIGUOUS,AMBIGUOUS,0
dinoL518,2000,40.0,R3_render,0.331563,0.254752,0.398636,0.210547,0.445384,0.210547,0.445384,AMBIGUOUS,AMBIGUOUS,0
dinoL518,3000,0.02,R2_cut,0.236899,0.198428,0.285331,0.150553,0.325382,0.150553,0.325382,CONFIRMED,AMBIGUOUS,1
dinoL518,3000,0.02,R3_render,0.167102,0.124143,0.223915,0.078313,0.262013,0.078313,0.262013,CONFIRMED,AMBIGUOUS,1
dinoL518,3000,0.05,R2_cut,0.244265,0.199989,0.285958,0.158119,0.329033,0.158119,0.329033,CONFIRMED,AMBIGUOUS,1
dinoL518,3000,0.05,R3_render,0.173359,0.130184,0.22409,0.087226,0.261483,0.087226,0.261483,CONFIRMED,AMBIGUOUS,1
dinoL518,3000,0.1,R2_cut,0.237282,0.20381,0.274979,0.156916,0.319783,0.156916,0.319783,CONFIRMED,AMBIGUOUS,1
dinoL518,3000,0.1,R3_render,0.165368,0.127719,0.208575,0.080863,0.25209,0.080863,0.25209,CONFIRMED,AMBIGUOUS,1
dinoL518,3000,0.2,R2_cut,0.242117,0.179091,0.304867,0.146547,0.337886,0.146547,0.337886,CONFIRMED,AMBIGUOUS,1
dinoL518,3000,0.2,R3_render,0.179903,0.114162,0.217757,0.080198,0.264794,0.080198,0.264794,CONFIRMED,AMBIGUOUS,1
dinoL518,3000,0.5,R2_cut,0.206846,0.154989,0.25825,0.116588,0.298029,0.116588,0.298029,CONFIRMED,AMBIGUOUS,1
dinoL518,3000,0.5,R3_render,0.158377,0.110995,0.213899,0.065885,0.251115,0.065885,0.251115,CONFIRMED,AMBIGUOUS,1
dinoL518,3000,1.0,R2_cut,0.151699,0.091881,0.19489,0.055482,0.238125,0.055482,0.238125,CONFIRMED,AMBIGUOUS,1
dinoL518,3000,1.0,R3_render,0.115694,0.03541,0.158976,0.00519,0.204644,0.00519,0.204644,CONFIRMED,AMBIGUOUS,1
dinoL518,3000,2.0,R2_cut,0.129684,0.099839,0.160023,0.047987,0.209418,0.047987,0.209418,CONFIRMED,AMBIGUOUS,1
dinoL518,3000,2.0,R3_render,0.104757,0.057545,0.157078,0.01474,0.196587,0.01474,0.196587,CONFIRMED,CONFIRMED,0
dinoL518,3000,5.0,R2_cut,0.126372,0.085413,0.166425,0.040567,0.212657,0.040567,0.212657,CONFIRMED,AMBIGUOUS,1
dinoL518,3000,5.0,R3_render,0.099525,0.057363,0.14855,0.009375,0.188708,0.009375,0.188708,CONFIRMED,CONFIRMED,0
dinoL518,3000,10.0,R2_cut,0.126301,0.068741,0.172148,0.030811,0.216363,0.030811,0.216363,CONFIRMED,AMBIGUOUS,1
dinoL518,3000,10.0,R3_render,0.105296,0.045575,0.146694,0.01184,0.193228,0.01184,0.193228,CONFIRMED,CONFIRMED,0
dinoL518,3000,20.0,R2_cut,0.125038,0.094097,0.172984,0.041131,0.211001,0.041131,0.211001,CONFIRMED,AMBIGUOUS,1
dinoL518,3000,20.0,R3_render,0.099089,0.039607,0.1581,0.004682,0.195117,0.004682,0.195117,CONFIRMED,CONFIRMED,0
dinoL518,3000,40.0,R2_cut,0.127898,0.075642,0.174879,0.037643,0.215438,0.037643,0.215438,CONFIRMED,AMBIGUOUS,1
dinoL518,3000,40.0,R3_render,0.098971,0.051673,0.150095,0.009228,0.189762,0.009228,0.189762,CONFIRMED,CONFIRMED,0
dinoL518,4447,0.02,R2_cut,-0.347283,-0.378256,-0.319644,-0.415826,-0.280234,-0.415826,-0.280234,AMBIGUOUS,AMBIGUOUS,0
dinoL518,4447,0.02,R3_render,-0.332426,-0.37634,-0.268135,-0.412445,-0.241989,-0.412445,-0.241989,AMBIGUOUS,AMBIGUOUS,0
dinoL518,4447,0.05,R2_cut,-0.347283,-0.378256,-0.319644,-0.415826,-0.280234,-0.415826,-0.280234,AMBIGUOUS,AMBIGUOUS,0
dinoL518,4447,0.05,R3_render,-0.332426,-0.37634,-0.268135,-0.412445,-0.241989,-0.412445,-0.241989,AMBIGUOUS,AMBIGUOUS,0
dinoL518,4447,0.1,R2_cut,-0.347283,-0.378256,-0.319644,-0.415826,-0.280234,-0.415826,-0.280234,AMBIGUOUS,AMBIGUOUS,0
dinoL518,4447,0.1,R3_render,-0.332426,-0.37634,-0.268135,-0.412445,-0.241989,-0.412445,-0.241989,AMBIGUOUS,AMBIGUOUS,0
dinoL518,4447,0.2,R2_cut,-0.347283,-0.378256,-0.319644,-0.415826,-0.280234,-0.415826,-0.280234,AMBIGUOUS,AMBIGUOUS,0
dinoL518,4447,0.2,R3_render,-0.332426,-0.37634,-0.268135,-0.412445,-0.241989,-0.412445,-0.241989,AMBIGUOUS,AMBIGUOUS,0
dinoL518,4447,0.5,R2_cut,-0.347283,-0.378256,-0.319644,-0.415826,-0.280234,-0.415826,-0.280234,AMBIGUOUS,AMBIGUOUS,0
dinoL518,4447,0.5,R3_render,-0.332426,-0.37634,-0.268135,-0.412445,-0.241989,-0.412445,-0.241989,AMBIGUOUS,AMBIGUOUS,0
dinoL518,4447,1.0,R2_cut,-0.347283,-0.378256,-0.319644,-0.415826,-0.280234,-0.415826,-0.280234,AMBIGUOUS,AMBIGUOUS,0
dinoL518,4447,1.0,R3_render,-0.332426,-0.37634,-0.268135,-0.412445,-0.241989,-0.412445,-0.241989,AMBIGUOUS,AMBIGUOUS,0
dinoL518,4447,2.0,R2_cut,-0.347283,-0.378256,-0.319644,-0.415826,-0.280234,-0.415826,-0.280234,AMBIGUOUS,AMBIGUOUS,0
dinoL518,4447,2.0,R3_render,-0.332426,-0.37634,-0.268135,-0.412445,-0.241989,-0.412445,-0.241989,AMBIGUOUS,AMBIGUOUS,0
dinoL518,4447,5.0,R2_cut,-0.347283,-0.378256,-0.319644,-0.415826,-0.280234,-0.415826,-0.280234,AMBIGUOUS,AMBIGUOUS,0
dinoL518,4447,5.0,R3_render,-0.332426,-0.37634,-0.268135,-0.412445,-0.241989,-0.412445,-0.241989,AMBIGUOUS,AMBIGUOUS,0
dinoL518,4447,10.0,R2_cut,-0.347283,-0.378256,-0.319644,-0.415826,-0.280234,-0.415826,-0.280234,AMBIGUOUS,AMBIGUOUS,0
dinoL518,4447,10.0,R3_render,-0.332426,-0.37634,-0.268135,-0.412445,-0.241989,-0.412445,-0.241989,AMBIGUOUS,AMBIGUOUS,0
dinoL518,4447,20.0,R2_cut,-0.347283,-0.378256,-0.319644,-0.415826,-0.280234,-0.415826,-0.280234,AMBIGUOUS,AMBIGUOUS,0
dinoL518,4447,20.0,R3_render,-0.332426,-0.37634,-0.268135,-0.412445,-0.241989,-0.412445,-0.241989,AMBIGUOUS,AMBIGUOUS,0
dinoL518,4447,40.0,R2_cut,-0.347283,-0.378256,-0.319644,-0.415826,-0.280234,-0.415826,-0.280234,AMBIGUOUS,AMBIGUOUS,0
dinoL518,4447,40.0,R3_render,-0.332426,-0.37634,-0.268135,-0.412445,-0.241989,-0.412445,-0.241989,AMBIGUOUS,AMBIGUOUS,0
dinoL224,250,0.02,R2_cut,1.458163,1.294776,1.743537,1.147182,1.864686,1.147182,1.864686,REOPENS,REOPENS,0
dinoL224,250,0.02,R3_render,1.305186,1.139666,1.530568,1.005557,1.64764,1.005557,1.64764,REOPENS,REOPENS,0
dinoL224,250,0.05,R2_cut,1.458163,1.294776,1.743537,1.147182,1.864686,1.147182,1.864686,REOPENS,REOPENS,0
dinoL224,250,0.05,R3_render,1.305186,1.139666,1.530568,1.005557,1.64764,1.005557,1.64764,REOPENS,REOPENS,0
dinoL224,250,0.1,R2_cut,1.458163,1.294776,1.743537,1.147182,1.864686,1.147182,1.864686,REOPENS,REOPENS,0
dinoL224,250,0.1,R3_render,1.305186,1.139666,1.530568,1.005557,1.64764,1.005557,1.64764,REOPENS,REOPENS,0
dinoL224,250,0.2,R2_cut,1.443716,1.245876,1.708046,1.114298,1.813697,1.114298,1.813697,REOPENS,REOPENS,0
dinoL224,250,0.2,R3_render,1.303962,1.114917,1.484238,0.99034,1.634814,0.99034,1.634814,REOPENS,REOPENS,0
dinoL224,250,0.5,R2_cut,1.135296,0.968936,1.332875,0.838255,1.463265,0.838255,1.463265,REOPENS,REOPENS,0
dinoL224,250,0.5,R3_render,1.07954,0.931289,1.255855,0.795897,1.390213,0.795897,1.390213,REOPENS,REOPENS,0
dinoL224,250,1.0,R2_cut,1.074061,0.845025,1.259298,0.739942,1.405276,0.739942,1.405276,REOPENS,REOPENS,0
dinoL224,250,1.0,R3_render,0.980616,0.797476,1.19113,0.670607,1.315388,0.670607,1.315388,REOPENS,REOPENS,0
dinoL224,250,2.0,R2_cut,1.232549,0.913358,1.49149,0.770015,1.642213,0.770015,1.642213,REOPENS,REOPENS,0
dinoL224,250,2.0,R3_render,1.038803,0.805789,1.27983,0.663329,1.44996,0.663329,1.44996,REOPENS,REOPENS,0
dinoL224,250,5.0,R2_cut,1.188437,0.901185,1.44293,0.766332,1.620402,0.766332,1.620402,REOPENS,REOPENS,0
dinoL224,250,5.0,R3_render,1.014215,0.774302,1.248447,0.633133,1.442655,0.633133,1.442655,REOPENS,REOPENS,0
dinoL224,250,10.0,R2_cut,1.17455,0.905769,1.403906,0.759474,1.586502,0.759474,1.586502,REOPENS,REOPENS,0
dinoL224,250,10.0,R3_render,1.018503,0.798271,1.284512,0.652293,1.43945,0.652293,1.43945,REOPENS,REOPENS,0
dinoL224,250,20.0,R2_cut,1.17328,0.927989,1.442151,0.788874,1.603583,0.788874,1.603583,REOPENS,REOPENS,0
dinoL224,250,20.0,R3_render,0.982436,0.775165,1.206585,0.622797,1.372464,0.622797,1.372464,REOPENS,REOPENS,0
dinoL224,250,40.0,R2_cut,1.166615,0.957805,1.360667,0.801463,1.556761,0.801463,1.556761,REOPENS,REOPENS,0
dinoL224,250,40.0,R3_render,0.997378,0.806716,1.231231,0.644652,1.401728,0.644652,1.401728,REOPENS,REOPENS,0
dinoL224,500,0.02,R2_cut,1.290956,1.112849,1.442542,1.016216,1.573748,1.016216,1.573748,REOPENS,REOPENS,0
dinoL224,500,0.02,R3_render,1.053927,0.915471,1.248255,0.812724,1.353464,0.812724,1.353464,REOPENS,REOPENS,0
dinoL224,500,0.05,R2_cut,1.290956,1.112849,1.442542,1.016216,1.573748,1.016216,1.573748,REOPENS,REOPENS,0
dinoL224,500,0.05,R3_render,1.053927,0.915471,1.248255,0.812724,1.353464,0.812724,1.353464,REOPENS,REOPENS,0
dinoL224,500,0.1,R2_cut,1.290956,1.112849,1.442542,1.016216,1.573748,1.016216,1.573748,REOPENS,REOPENS,0
dinoL224,500,0.1,R3_render,1.053927,0.915471,1.248255,0.812724,1.353464,0.812724,1.353464,REOPENS,REOPENS,0
dinoL224,500,0.2,R2_cut,1.273611,1.100072,1.409615,1.004169,1.542462,1.004169,1.542462,REOPENS,REOPENS,0
dinoL224,500,0.2,R3_render,1.048414,0.891642,1.164532,0.798627,1.288275,0.798627,1.288275,REOPENS,REOPENS,0
dinoL224,500,0.5,R2_cut,0.89832,0.742651,1.048661,0.65472,1.134653,0.65472,1.134653,REOPENS,REOPENS,0
dinoL224,500,0.5,R3_render,0.816362,0.670415,0.947749,0.57587,1.043819,0.57587,1.043819,REOPENS,REOPENS,0
dinoL224,500,1.0,R2_cut,0.837436,0.619228,1.028311,0.550557,1.102102,0.550557,1.102102,REOPENS,REOPENS,0
dinoL224,500,1.0,R3_render,0.754111,0.569894,0.965534,0.487795,1.036272,0.487795,1.036272,AMBIGUOUS,REOPENS,1
dinoL224,500,2.0,R2_cut,0.977766,0.8314,1.173942,0.717765,1.272856,0.717765,1.272856,REOPENS,REOPENS,0
dinoL224,500,2.0,R3_render,0.849193,0.646646,1.065635,0.572219,1.16626,0.572219,1.16626,REOPENS,REOPENS,0
dinoL224,500,5.0,R2_cut,0.980272,0.834002,1.155995,0.729479,1.257,0.729479,1.257,REOPENS,REOPENS,0
dinoL224,500,5.0,R3_render,0.878374,0.71972,1.020789,0.613921,1.148576,0.613921,1.148576,REOPENS,REOPENS,0
dinoL224,500,10.0,R2_cut,0.98265,0.827894,1.135313,0.734504,1.234582,0.734504,1.234582,REOPENS,REOPENS,0
dinoL224,500,10.0,R3_render,0.843154,0.675681,1.043555,0.580866,1.130506,0.580866,1.130506,REOPENS,REOPENS,0
dinoL224,500,20.0,R2_cut,0.996602,0.836322,1.153798,0.735877,1.266669,0.735877,1.266669,REOPENS,REOPENS,0
dinoL224,500,20.0,R3_render,0.838867,0.695688,1.073578,0.581581,1.165914,0.581581,1.165914,REOPENS,REOPENS,0
dinoL224,500,40.0,R2_cut,0.979727,0.831807,1.185632,0.710681,1.272248,0.710681,1.272248,REOPENS,REOPENS,0
dinoL224,500,40.0,R3_render,0.862642,0.701258,1.061075,0.595774,1.155772,0.595774,1.155772,REOPENS,REOPENS,0
dinoL224,1000,0.02,R2_cut,1.024251,0.93319,1.102911,0.857925,1.195878,0.857925,1.195878,REOPENS,REOPENS,0
dinoL224,1000,0.02,R3_render,0.812174,0.747426,0.900003,0.655339,0.978033,0.655339,0.978033,REOPENS,REOPENS,0
dinoL224,1000,0.05,R2_cut,1.024251,0.93319,1.102911,0.857925,1.195878,0.857925,1.195878,REOPENS,REOPENS,0
dinoL224,1000,0.05,R3_render,0.812174,0.747426,0.900003,0.655339,0.978033,0.655339,0.978033,REOPENS,REOPENS,0
dinoL224,1000,0.1,R2_cut,1.024251,0.93319,1.102911,0.857925,1.195878,0.857925,1.195878,REOPENS,REOPENS,0
dinoL224,1000,0.1,R3_render,0.812174,0.747426,0.900003,0.655339,0.978033,0.655339,0.978033,REOPENS,REOPENS,0
dinoL224,1000,0.2,R2_cut,1.016959,0.919093,1.12427,0.837192,1.208804,0.837192,1.208804,REOPENS,REOPENS,0
dinoL224,1000,0.2,R3_render,0.814531,0.722818,0.884058,0.647326,0.980439,0.647326,0.980439,REOPENS,REOPENS,0
dinoL224,1000,0.5,R2_cut,0.829806,0.739626,0.941397,0.659374,1.017554,0.659374,1.017554,REOPENS,REOPENS,0
dinoL224,1000,0.5,R3_render,0.694747,0.57229,0.817129,0.513377,0.885229,0.513377,0.885229,REOPENS,REOPENS,0
dinoL224,1000,1.0,R2_cut,0.779979,0.631913,0.921896,0.576402,0.992962,0.576402,0.992962,REOPENS,REOPENS,0
dinoL224,1000,1.0,R3_render,0.692966,0.56715,0.842394,0.49814,0.897777,0.49814,0.897777,AMBIGUOUS,REOPENS,1
dinoL224,1000,2.0,R2_cut,0.796459,0.648309,0.892977,0.584327,0.976395,0.584327,0.976395,REOPENS,REOPENS,0
dinoL224,1000,2.0,R3_render,0.690445,0.550318,0.782935,0.495171,0.86194,0.495171,0.86194,AMBIGUOUS,REOPENS,1
dinoL224,1000,5.0,R2_cut,0.783366,0.656022,0.917096,0.592466,0.985073,0.592466,0.985073,REOPENS,REOPENS,0
dinoL224,1000,5.0,R3_render,0.679123,0.575856,0.77227,0.504169,0.852892,0.504169,0.852892,REOPENS,REOPENS,0
dinoL224,1000,10.0,R2_cut,0.788049,0.670177,0.915226,0.597805,0.98864,0.597805,0.98864,REOPENS,REOPENS,0
dinoL224,1000,10.0,R3_render,0.676523,0.592421,0.778883,0.506978,0.859217,0.506978,0.859217,REOPENS,REOPENS,0
dinoL224,1000,20.0,R2_cut,0.793625,0.699445,0.92819,0.624489,0.991063,0.624489,0.991063,REOPENS,REOPENS,0
dinoL224,1000,20.0,R3_render,0.674011,0.568252,0.816276,0.497224,0.882305,0.497224,0.882305,AMBIGUOUS,REOPENS,1
dinoL224,1000,40.0,R2_cut,0.790833,0.667453,0.899507,0.603983,0.982382,0.603983,0.982382,REOPENS,REOPENS,0
dinoL224,1000,40.0,R3_render,0.670535,0.541784,0.790674,0.478898,0.866748,0.478898,0.866748,AMBIGUOUS,REOPENS,1
dinoL224,2000,0.02,R2_cut,0.581288,0.497172,0.673733,0.449411,0.721799,0.449411,0.721799,AMBIGUOUS,REOPENS,1
dinoL224,2000,0.02,R3_render,0.439291,0.368602,0.53393,0.320785,0.582337,0.320785,0.582337,AMBIGUOUS,REOPENS,1
dinoL224,2000,0.05,R2_cut,0.581288,0.497172,0.673733,0.449411,0.721799,0.449411,0.721799,AMBIGUOUS,REOPENS,1
dinoL224,2000,0.05,R3_render,0.439291,0.368602,0.53393,0.320785,0.582337,0.320785,0.582337,AMBIGUOUS,REOPENS,1
dinoL224,2000,0.1,R2_cut,0.581288,0.497172,0.673733,0.449411,0.721799,0.449411,0.721799,AMBIGUOUS,REOPENS,1
dinoL224,2000,0.1,R3_render,0.439291,0.368602,0.53393,0.320785,0.582337,0.320785,0.582337,AMBIGUOUS,REOPENS,1
dinoL224,2000,0.2,R2_cut,0.583079,0.524043,0.670957,0.466486,0.715311,0.466486,0.715311,AMBIGUOUS,REOPENS,1
dinoL224,2000,0.2,R3_render,0.455207,0.398496,0.527559,0.343116,0.576322,0.343116,0.576322,AMBIGUOUS,REOPENS,1
dinoL224,2000,0.5,R2_cut,0.551128,0.490746,0.619884,0.432088,0.673534,0.432088,0.673534,AMBIGUOUS,REOPENS,1
dinoL224,2000,0.5,R3_render,0.453851,0.364192,0.538245,0.318493,0.589655,0.318493,0.589655,AMBIGUOUS,REOPENS,1
dinoL224,2000,1.0,R2_cut,0.498678,0.446034,0.562037,0.39034,0.614235,0.39034,0.614235,AMBIGUOUS,REOPENS,1
dinoL224,2000,1.0,R3_render,0.410719,0.338108,0.491649,0.29062,0.536868,0.29062,0.536868,AMBIGUOUS,REOPENS,1
dinoL224,2000,2.0,R2_cut,0.521879,0.482071,0.579616,0.417837,0.631724,0.417837,0.631724,AMBIGUOUS,REOPENS,1
dinoL224,2000,2.0,R3_render,0.432298,0.364089,0.482546,0.316969,0.542078,0.316969,0.542078,AMBIGUOUS,REOPENS,1
dinoL224,2000,5.0,R2_cut,0.55627,0.509386,0.615946,0.451486,0.665419,0.451486,0.665419,AMBIGUOUS,REOPENS,1
dinoL224,2000,5.0,R3_render,0.461526,0.408487,0.509507,0.352735,0.567362,0.352735,0.567362,AMBIGUOUS,REOPENS,1
dinoL224,2000,10.0,R2_cut,0.545353,0.471717,0.619205,0.425588,0.668866,0.425588,0.668866,AMBIGUOUS,REOPENS,1
dinoL224,2000,10.0,R3_render,0.431173,0.378613,0.501255,0.32224,0.548357,0.32224,0.548357,AMBIGUOUS,REOPENS,1
dinoL224,2000,20.0,R2_cut,0.546011,0.460201,0.598101,0.419605,0.659477,0.419605,0.659477,AMBIGUOUS,REOPENS,1
dinoL224,2000,20.0,R3_render,0.436908,0.34243,0.504147,0.301894,0.557732,0.301894,0.557732,AMBIGUOUS,REOPENS,1
dinoL224,2000,40.0,R2_cut,0.550486,0.492637,0.630713,0.439275,0.674273,0.439275,0.674273,AMBIGUOUS,REOPENS,1
dinoL224,2000,40.0,R3_render,0.440009,0.358988,0.522557,0.312264,0.570377,0.312264,0.570377,AMBIGUOUS,REOPENS,1
dinoL224,3000,0.02,R2_cut,0.268107,0.199866,0.322107,0.163534,0.362365,0.163534,0.362365,CONFIRMED,AMBIGUOUS,1
dinoL224,3000,0.02,R3_render,0.189117,0.138727,0.237095,0.098045,0.278074,0.098045,0.278074,CONFIRMED,AMBIGUOUS,1
dinoL224,3000,0.05,R2_cut,0.268107,0.199866,0.322107,0.163534,0.362365,0.163534,0.362365,CONFIRMED,AMBIGUOUS,1
dinoL224,3000,0.05,R3_render,0.189117,0.138727,0.237095,0.098045,0.278074,0.098045,0.278074,CONFIRMED,AMBIGUOUS,1
dinoL224,3000,0.1,R2_cut,0.268107,0.199866,0.322107,0.163534,0.362365,0.163534,0.362365,CONFIRMED,AMBIGUOUS,1
dinoL224,3000,0.1,R3_render,0.189117,0.138727,0.237095,0.098045,0.278074,0.098045,0.278074,CONFIRMED,AMBIGUOUS,1
dinoL224,3000,0.2,R2_cut,0.266002,0.228276,0.305161,0.179046,0.353162,0.179046,0.353162,CONFIRMED,AMBIGUOUS,1
dinoL224,3000,0.2,R3_render,0.18311,0.148641,0.213237,0.101185,0.265127,0.101185,0.265127,CONFIRMED,AMBIGUOUS,1
dinoL224,3000,0.5,R2_cut,0.251993,0.215269,0.303824,0.166295,0.343117,0.166295,0.343117,CONFIRMED,AMBIGUOUS,1
dinoL224,3000,0.5,R3_render,0.184554,0.141251,0.220991,0.096514,0.270551,0.096514,0.270551,CONFIRMED,AMBIGUOUS,1
dinoL224,3000,1.0,R2_cut,0.252588,0.205895,0.29689,0.162211,0.341808,0.162211,0.341808,CONFIRMED,AMBIGUOUS,1
dinoL224,3000,1.0,R3_render,0.195867,0.150781,0.236535,0.108833,0.282439,0.108833,0.282439,CONFIRMED,AMBIGUOUS,1
dinoL224,3000,2.0,R2_cut,0.277006,0.239112,0.327574,0.189739,0.368294,0.189739,0.368294,CONFIRMED,AMBIGUOUS,1
dinoL224,3000,2.0,R3_render,0.217234,0.159699,0.258031,0.123339,0.305199,0.123339,0.305199,CONFIRMED,AMBIGUOUS,1
dinoL224,3000,5.0,R2_cut,0.269973,0.220134,0.300849,0.181609,0.354642,0.181609,0.354642,CONFIRMED,AMBIGUOUS,1
dinoL224,3000,5.0,R3_render,0.203822,0.163919,0.236899,0.119456,0.287858,0.119456,0.287858,CONFIRMED,AMBIGUOUS,1
dinoL224,3000,10.0,R2_cut,0.271889,0.239417,0.313155,0.188987,0.356712,0.188987,0.356712,CONFIRMED,AMBIGUOUS,1
dinoL224,3000,10.0,R3_render,0.204188,0.147821,0.24989,0.111323,0.292842,0.111323,0.292842,CONFIRMED,AMBIGUOUS,1
dinoL224,3000,20.0,R2_cut,0.272857,0.21826,0.316427,0.1802,0.36275,0.1802,0.36275,CONFIRMED,AMBIGUOUS,1
dinoL224,3000,20.0,R3_render,0.212049,0.163936,0.252004,0.121406,0.300942,0.121406,0.300942,CONFIRMED,AMBIGUOUS,1
dinoL224,3000,40.0,R2_cut,0.274434,0.236295,0.311738,0.19142,0.357502,0.19142,0.357502,CONFIRMED,AMBIGUOUS,1
dinoL224,3000,40.0,R3_render,0.208785,0.167749,0.243897,0.120834,0.294316,0.120834,0.294316,CONFIRMED,AMBIGUOUS,1
dinoL224,4447,0.02,R2_cut,-0.306792,-0.345868,-0.264436,-0.378843,-0.233205,-0.378843,-0.233205,AMBIGUOUS,AMBIGUOUS,0
dinoL224,4447,0.02,R3_render,-0.309901,-0.37145,-0.238975,-0.400503,-0.214019,-0.400503,-0.214019,AMBIGUOUS,AMBIGUOUS,0
dinoL224,4447,0.05,R2_cut,-0.306792,-0.345868,-0.264436,-0.378843,-0.233205,-0.378843,-0.233205,AMBIGUOUS,AMBIGUOUS,0
dinoL224,4447,0.05,R3_render,-0.309901,-0.37145,-0.238975,-0.400503,-0.214019,-0.400503,-0.214019,AMBIGUOUS,AMBIGUOUS,0
dinoL224,4447,0.1,R2_cut,-0.306792,-0.345868,-0.264436,-0.378843,-0.233205,-0.378843,-0.233205,AMBIGUOUS,AMBIGUOUS,0
dinoL224,4447,0.1,R3_render,-0.309901,-0.37145,-0.238975,-0.400503,-0.214019,-0.400503,-0.214019,AMBIGUOUS,AMBIGUOUS,0
dinoL224,4447,0.2,R2_cut,-0.306792,-0.345868,-0.264436,-0.378843,-0.233205,-0.378843,-0.233205,AMBIGUOUS,AMBIGUOUS,0
dinoL224,4447,0.2,R3_render,-0.309901,-0.37145,-0.238975,-0.400503,-0.214019,-0.400503,-0.214019,AMBIGUOUS,AMBIGUOUS,0
dinoL224,4447,0.5,R2_cut,-0.306792,-0.345868,-0.264436,-0.378843,-0.233205,-0.378843,-0.233205,AMBIGUOUS,AMBIGUOUS,0
dinoL224,4447,0.5,R3_render,-0.309901,-0.37145,-0.238975,-0.400503,-0.214019,-0.400503,-0.214019,AMBIGUOUS,AMBIGUOUS,0
dinoL224,4447,1.0,R2_cut,-0.306792,-0.345868,-0.264436,-0.378843,-0.233205,-0.378843,-0.233205,AMBIGUOUS,AMBIGUOUS,0
dinoL224,4447,1.0,R3_render,-0.309901,-0.37145,-0.238975,-0.400503,-0.214019,-0.400503,-0.214019,AMBIGUOUS,AMBIGUOUS,0
dinoL224,4447,2.0,R2_cut,-0.306792,-0.345868,-0.264436,-0.378843,-0.233205,-0.378843,-0.233205,AMBIGUOUS,AMBIGUOUS,0
dinoL224,4447,2.0,R3_render,-0.309901,-0.37145,-0.238975,-0.400503,-0.214019,-0.400503,-0.214019,AMBIGUOUS,AMBIGUOUS,0
dinoL224,4447,5.0,R2_cut,-0.306792,-0.345868,-0.264436,-0.378843,-0.233205,-0.378843,-0.233205,AMBIGUOUS,AMBIGUOUS,0
dinoL224,4447,5.0,R3_render,-0.309901,-0.37145,-0.238975,-0.400503,-0.214019,-0.400503,-0.214019,AMBIGUOUS,AMBIGUOUS,0
dinoL224,4447,10.0,R2_cut,-0.306792,-0.345868,-0.264436,-0.378843,-0.233205,-0.378843,-0.233205,AMBIGUOUS,AMBIGUOUS,0
dinoL224,4447,10.0,R3_render,-0.309901,-0.37145,-0.238975,-0.400503,-0.214019,-0.400503,-0.214019,AMBIGUOUS,AMBIGUOUS,0
dinoL224,4447,20.0,R2_cut,-0.306792,-0.345868,-0.264436,-0.378843,-0.233205,-0.378843,-0.233205,AMBIGUOUS,AMBIGUOUS,0
dinoL224,4447,20.0,R3_render,-0.309901,-0.37145,-0.238975,-0.400503,-0.214019,-0.400503,-0.214019,AMBIGUOUS,AMBIGUOUS,0
dinoL224,4447,40.0,R2_cut,-0.306792,-0.345868,-0.264436,-0.378843,-0.233205,-0.378843,-0.233205,AMBIGUOUS,AMBIGUOUS,0
dinoL224,4447,40.0,R3_render,-0.309901,-0.37145,-0.238975,-0.400503,-0.214019,-0.400503,-0.214019,AMBIGUOUS,AMBIGUOUS,0
